dataset,mask,residual,portfolio,n_clusters,hours,calendar_hours,block_hours,valid_replicates,R,R_p5,R_p95,rho_weighted,rho_weighted_p5,rho_weighted_p95,R_excludes_one,rho_excludes_zero
Helios_allocated_GPU,full,raw,all,4,4344,4344,168,1000,1.4050046195620816,1.2566879667295707,1.4851394423688336,0.37326171310421563,0.25779441152554783,0.4215037332543595,True,True
Helios_allocated_GPU,full,raw,all,4,4344,4344,336,1000,1.4050046195620816,1.255189167649807,1.4855008339813662,0.37326171310421563,0.25744558743458684,0.42409773039663945,True,True
Helios_allocated_GPU,full,calendar,all,4,4344,4344,168,1000,1.264477006380432,1.0433662574193003,1.3240703867662553,0.229513722612121,0.0366368664177875,0.26711736102944506,True,True
Helios_allocated_GPU,full,calendar,all,4,4344,4344,336,1000,1.264477006380432,1.0162964892745165,1.3303678906338747,0.229513722612121,0.014391324984701888,0.27806248664241184,True,True
Helios_allocated_GPU,trim,raw,all,4,4008,4344,168,1000,1.3634489009170785,1.2569048185143683,1.485327298482207,0.3299350180496488,0.2593555733031654,0.42217877432967005,True,True
Helios_allocated_GPU,trim,raw,all,4,4008,4344,336,1000,1.3634489009170785,1.2549185122796318,1.4879917071489683,0.3299350180496488,0.2585996716370158,0.4250551284261061,True,True
Helios_allocated_GPU,trim,calendar,all,4,4008,4344,168,1000,1.181146912413342,1.038362247728617,1.3240975808200552,0.15155307797360326,0.03374837303610066,0.2681582509932468,True,True
Helios_allocated_GPU,trim,calendar,all,4,4008,4344,336,1000,1.181146912413342,1.0159923772147723,1.330192661631647,0.15155307797360326,0.013121672732130881,0.27225720083852256,True,True
Helios_allocated_GPU,low_allocation,raw,all,4,4199,4344,168,1000,1.3993513664073172,1.2908046514335891,1.3944204993601583,0.3739470497478244,0.2703711881501258,0.35715576907244695,True,True
Helios_allocated_GPU,low_allocation,raw,all,4,4199,4344,336,1000,1.3993513664073172,1.2883688581071804,1.399164871179384,0.3739470497478244,0.2697151075288571,0.3600186148149904,True,True
Helios_allocated_GPU,low_allocation,calendar,all,4,4199,4344,168,1000,1.2276058606146818,1.012056584833701,1.1728883687113623,0.19659255133358908,0.00966243562277204,0.14365715005465085,True,True
Helios_allocated_GPU,low_allocation,calendar,all,4,4199,4344,336,1000,1.2276058606146818,1.0001469518105308,1.1775047239953291,0.19659255133358908,0.00012209758282138387,0.14641173886621972,True,True
Helios_allocated_GPU,trim_low_allocation,raw,all,4,3863,4344,168,1000,1.337740740483902,1.2908495650292695,1.3939853430905695,0.3098795508205473,0.2728616916593698,0.35668967570045435,True,True
Helios_allocated_GPU,trim_low_allocation,raw,all,4,3863,4344,336,1000,1.337740740483902,1.289433756363492,1.399164871179384,0.3098795508205473,0.2702807250613779,0.35890647556701943,True,True
Helios_allocated_GPU,trim_low_allocation,calendar,all,4,3863,4344,168,1000,1.0832241054726723,1.0085040508889658,1.1566481489454954,0.06735832385256295,0.00695564269780924,0.1282603368677972,True,True
Helios_allocated_GPU,trim_low_allocation,calendar,all,4,3863,4344,336,1000,1.0832241054726723,0.9990402530638532,1.1718598546006394,0.06735832385256295,-0.0007563666897150536,0.1412466583868175,False,False
ASI_allocated_GPU,full,raw,all,14,1603,4440,168,1000,2.1878855364541203,2.006827696835781,2.393601368978315,0.4670552614535564,0.3896279687880681,0.6077738035300002,True,True
ASI_allocated_GPU,full,raw,all,14,1603,4440,336,1000,2.1878855364541203,1.940785719971403,2.4161518041303105,0.4670552614535564,0.36580924907987084,0.6105021255896581,True,True
ASI_allocated_GPU,full,calendar,all,14,1603,4440,168,1000,1.8623349187531137,1.546489357500818,2.020566166359221,0.33858625188911157,0.19726737461718521,0.46833621447287954,True,True
ASI_allocated_GPU,full,calendar,all,14,1603,4440,336,1000,1.8623349187531137,1.438153098058444,2.0233798124716857,0.33858625188911157,0.16425118902726749,0.47882019071361936,True,True
ASI_allocated_GPU,trim,raw,all,14,1435,4440,168,1000,2.17819862789462,2.000955170133249,2.4158516641357335,0.4644704029014067,0.3900090963036189,0.6159459867528161,True,True
ASI_allocated_GPU,trim,raw,all,14,1435,4440,336,1000,2.17819862789462,1.940456508325138,2.426043726781259,0.4644704029014067,0.36580924907987084,0.6179194935843652,True,True
ASI_allocated_GPU,trim,calendar,all,14,1435,4440,168,1000,1.852089082358821,1.5162303448396113,2.0282798129166997,0.3409053869810916,0.19036536061790313,0.4766797159614015,True,True
ASI_allocated_GPU,trim,calendar,all,14,1435,4440,336,1000,1.852089082358821,1.4143843174034947,2.0334970954798752,0.3409053869810916,0.15946677668386605,0.4845535250743219,True,True
ASI_allocated_GPU,low_allocation,raw,all,14,1554,4440,168,1000,2.2230450169276574,2.0397254475296025,2.424965663011504,0.4981863791066244,0.41776885250309703,0.6300192928748537,True,True
ASI_allocated_GPU,low_allocation,raw,all,14,1554,4440,336,1000,2.2230450169276574,1.9727109883391412,2.4387191321184964,0.4981863791066244,0.3972173055858928,0.6319317918993261,True,True
ASI_allocated_GPU,low_allocation,calendar,all,14,1554,4440,168,1000,1.911013868133903,1.610876312069214,2.0328240575213647,0.3718953972302155,0.2253525295457497,0.4818882760372023,True,True
ASI_allocated_GPU,low_allocation,calendar,all,14,1554,4440,336,1000,1.911013868133903,1.5488083813559352,2.037772125563317,0.3718953972302155,0.2030662240350079,0.4926892776646583,True,True
ASI_allocated_GPU,trim_low_allocation,raw,all,14,1386,4440,168,1000,2.2156857091619635,2.0367261444912184,2.441141617004629,0.4971198353314874,0.4177874318763716,0.6387512618120205,True,True
ASI_allocated_GPU,trim_low_allocation,raw,all,14,1386,4440,336,1000,2.2156857091619635,1.9727109883391412,2.460983593688161,0.4971198353314874,0.39710912304943013,0.6388297345218693,True,True
ASI_allocated_GPU,trim_low_allocation,calendar,all,14,1386,4440,168,1000,1.9051069059798962,1.5927200560081543,2.0444769429148653,0.37728286377643283,0.22120420228946208,0.49249324927423915,True,True
ASI_allocated_GPU,trim_low_allocation,calendar,all,14,1386,4440,336,1000,1.9051069059798962,1.5154403173880702,2.0444963239423224,0.37728286377643283,0.19429769807493852,0.49734192787990433,True,True
ASI_modeled_workload_MW,full,raw,all,14,1603,4440,168,1000,2.0222435905178746,1.8612503133771212,2.1104811030192843,0.4293038069613096,0.31750975588703123,0.5312177195590613,True,True
ASI_modeled_workload_MW,full,raw,all,14,1603,4440,336,1000,2.0222435905178746,1.8225470227415548,2.0829339370049476,0.4293038069613096,0.2935802906656469,0.5355686862502127,True,True
ASI_modeled_workload_MW,full,calendar,all,14,1603,4440,168,1000,1.9096953582139518,1.6169981716374038,2.0335044329541088,0.36404840750324,0.20640256680529198,0.4751627673686267,True,True
ASI_modeled_workload_MW,full,calendar,all,14,1603,4440,336,1000,1.9096953582139518,1.507797057131253,2.0320353382103966,0.36404840750324,0.15768650599141787,0.4810104950744725,True,True
ASI_modeled_workload_MW,trim,raw,all,14,1435,4440,168,1000,1.9870542654118015,1.833449928323909,2.0901246961367854,0.4103286197188788,0.30224745459312485,0.5228838721805613,True,True
ASI_modeled_workload_MW,trim,raw,all,14,1435,4440,336,1000,1.9870542654118015,1.809949722581856,2.071873266490391,0.4103286197188788,0.2821576894039073,0.5328987260805225,True,True
ASI_modeled_workload_MW,trim,calendar,all,14,1435,4440,168,1000,1.878264467691289,1.5687351119854571,2.0306347123160124,0.34850843223397643,0.18622521642509407,0.4751627673686267,True,True
ASI_modeled_workload_MW,trim,calendar,all,14,1435,4440,336,1000,1.878264467691289,1.4749881760042305,2.0288534682798063,0.34850843223397643,0.14869223673480111,0.480971920488906,True,True
ASI_modeled_workload_MW,low_allocation,raw,all,14,1554,4440,168,1000,2.0484374035643977,1.9056544605575858,2.1229586272166907,0.454762407439652,0.3480375050891574,0.5477583899799541,True,True
ASI_modeled_workload_MW,low_allocation,raw,all,14,1554,4440,336,1000,2.0484374035643977,1.8852439154229044,2.09082523727374,0.454762407439652,0.3288096303695384,0.5433424135241486,True,True
ASI_modeled_workload_MW,low_allocation,calendar,all,14,1554,4440,168,1000,1.9343352334730604,1.6493114269994544,2.046801988614214,0.3853507017032573,0.2237739942542238,0.4896839997091827,True,True
ASI_modeled_workload_MW,low_allocation,calendar,all,14,1554,4440,336,1000,1.9343352334730604,1.5472281940508383,2.044081690214552,0.3853507017032573,0.17304284096660186,0.4949786364255558,True,True
ASI_modeled_workload_MW,trim_low_allocation,raw,all,14,1386,4440,168,1000,2.015978564185358,1.8768948143300817,2.10202375317514,0.43715446596759105,0.32730306762410755,0.5407402457027652,True,True
ASI_modeled_workload_MW,trim_low_allocation,raw,all,14,1386,4440,336,1000,2.015978564185358,1.8742668541932188,2.082095654015355,0.43715446596759105,0.3189992349045385,0.5418428256283255,True,True
ASI_modeled_workload_MW,trim_low_allocation,calendar,all,14,1386,4440,168,1000,1.9052736542054771,1.5978130764921503,2.0427940533128957,0.3708007150298431,0.19980789083551018,0.4896839997091827,True,True
ASI_modeled_workload_MW,trim_low_allocation,calendar,all,14,1386,4440,336,1000,1.9052736542054771,1.5166270583647854,2.0420546842221245,0.3708007150298431,0.16461182627086748,0.49456635836925394,True,True
