train_weeks,origin_day,h,alpha,unit,K_mw,coverage,target,mean_shortfall_frac,worst_shortfall_frac,mean_train_mw,mean_test_mw,growth_ratio
4,28,1,0.9,abs,2.1996900975640763,1.0,0.9,0.0,0.0,2.9667042916599966,3.5141552033893557,1.1845316748515697
4,28,1,0.9,norm,2.6056025954219884,0.9910714285714286,0.9,0.06818911394574882,0.11303315849801618,2.9667042916599966,3.5141552033893557,1.1845316748515697
4,28,1,0.95,abs,2.031564910477283,1.0,0.95,0.0,0.0,2.9667042916599966,3.5141552033893557,1.1845316748515697
4,28,1,0.95,norm,2.406452985977335,0.9955357142857143,0.95,0.02050467728026419,0.039630893378035416,2.9667042916599966,3.5141552033893557,1.1845316748515697
4,28,4,0.9,abs,2.010128241013866,1.0,0.9,0.0,0.0,2.9667042916599966,3.5141552033893557,1.1845316748515697
4,28,4,0.9,norm,2.381060571994595,0.9910313901345291,0.9,0.022575081936656725,0.029389200991708917,2.9667042916599966,3.5141552033893557,1.1845316748515697
4,28,4,0.95,abs,1.8964132477570923,1.0,0.95,0.0,0.0,2.9667042916599966,3.5141552033893557,1.1845316748515697
4,28,4,0.95,norm,2.2463615605764136,1.0,0.95,0.0,0.0,2.9667042916599966,3.5141552033893557,1.1845316748515697
4,28,24,0.9,abs,1.8464847770325528,1.0,0.9,0.0,0.0,2.9667042916599966,3.5141552033893557,1.1845316748515697
4,28,24,0.9,norm,2.187219705526297,1.0,0.9,0.0,0.0,2.9667042916599966,3.5141552033893557,1.1845316748515697
4,28,24,0.95,abs,1.6368206966841712,1.0,0.95,0.0,0.0,2.9667042916599966,3.5141552033893557,1.1845316748515697
4,28,24,0.95,norm,1.9388659612750145,1.0,0.95,0.0,0.0,2.9667042916599966,3.5141552033893557,1.1845316748515697
4,35,1,0.9,abs,2.439547215990592,0.9940476190476191,0.9,0.03195322156569333,0.052658997898352294,3.154769378685077,3.603110807262528,1.1421154369021806
4,35,1,0.9,norm,2.786244534434594,0.9598214285714286,0.9,0.05956316593623822,0.17053830856960472,3.154769378685077,3.603110807262528,1.1421154369021806
4,35,1,0.95,abs,2.2191479287286042,1.0,0.95,0.0,0.0,3.154769378685077,3.603110807262528,1.1421154369021806
4,35,1,0.95,norm,2.534523106170439,0.9880952380952381,0.95,0.044673345163112846,0.08815859731388895,3.154769378685077,3.603110807262528,1.1421154369021806
4,35,4,0.9,abs,2.2080107511891636,1.0,0.9,0.0,0.0,3.154769378685077,3.603110807262528,1.1421154369021806
4,35,4,0.9,norm,2.521803163779124,0.9790732436472347,0.9,0.05564119220354539,0.08355928112665642,3.154769378685077,3.603110807262528,1.1421154369021806
4,35,4,0.95,abs,1.9345728287852155,1.0,0.95,0.0,0.0,3.154769378685077,3.603110807262528,1.1421154369021806
4,35,4,0.95,norm,2.209505491567114,1.0,0.95,0.0,0.0,3.154769378685077,3.603110807262528,1.1421154369021806
4,35,24,0.9,abs,1.8597670392621688,1.0,0.9,0.0,0.0,3.154769378685077,3.603110807262528,1.1421154369021806
4,35,24,0.9,norm,2.124068644583187,1.0,0.9,0.0,0.0,3.154769378685077,3.603110807262528,1.1421154369021806
4,35,24,0.95,abs,1.6368206966841712,1.0,0.95,0.0,0.0,3.154769378685077,3.603110807262528,1.1421154369021806
4,35,24,0.95,norm,1.869438185123974,1.0,0.95,0.0,0.0,3.154769378685077,3.603110807262528,1.1421154369021806
4,42,1,0.9,abs,2.577073291646513,0.9598214285714286,0.9,0.04974647987577122,0.10321405613022258,3.306428237823884,3.5310112631738386,1.0679231512666258
4,42,1,0.9,norm,2.7521162306602003,0.9211309523809523,0.9,0.06758601584526858,0.16025236197367623,3.306428237823884,3.5310112631738386,1.0679231512666258
4,42,1,0.95,abs,2.329612766732733,0.9970238095238095,0.95,0.006070746781379971,0.007953966739248336,3.306428237823884,3.5310112631738386,1.0679231512666258
4,42,1,0.95,norm,2.487847407080183,0.9747023809523809,0.95,0.036302267150809274,0.07105110317711431,3.306428237823884,3.5310112631738386,1.0679231512666258
4,42,4,0.9,abs,2.3400321042441106,0.9820627802690582,0.9,0.007421682385034244,0.012371197780061825,3.306428237823884,3.5310112631738386,1.0679231512666258
4,42,4,0.9,norm,2.4989744588294442,0.9387144992526159,0.9,0.04492762659368403,0.07518738492695233,3.306428237823884,3.5310112631738386,1.0679231512666258
4,42,4,0.95,abs,2.0701306642300734,1.0,0.95,0.0,0.0,3.306428237823884,3.5310112631738386,1.0679231512666258
4,42,4,0.95,norm,2.210740462478253,1.0,0.95,0.0,0.0,3.306428237823884,3.5310112631738386,1.0679231512666258
4,42,24,0.9,abs,1.8597670392621688,1.0,0.9,0.0,0.0,3.306428237823884,3.5310112631738386,1.0679231512666258
4,42,24,0.9,norm,1.986088277190658,1.0,0.9,0.0,0.0,3.306428237823884,3.5310112631738386,1.0679231512666258
4,42,24,0.95,abs,1.6368206966841712,1.0,0.95,0.0,0.0,3.306428237823884,3.5310112631738386,1.0679231512666258
4,42,24,0.95,norm,1.747998716461394,1.0,0.95,0.0,0.0,3.306428237823884,3.5310112631738386,1.0679231512666258
4,49,1,0.9,abs,2.8816348686113606,0.8065476190476191,0.9,0.0707636617486714,0.1979958566421335,3.5042290850664366,3.3913341518136044,0.9677832326277003
4,49,1,0.9,norm,2.7887979083974006,0.8616071428571429,0.9,0.06271172396834096,0.17129774900079076,3.5042290850664366,3.3913341518136044,0.9677832326277003
4,49,1,0.95,abs,2.767849307705402,0.8720238095238095,0.95,0.060409263870132325,0.16502567613164504,3.5042290850664366,3.3913341518136044,0.9677832326277003
4,49,1,0.95,norm,2.6786781504374764,0.9211309523809523,0.95,0.05625785549160411,0.13723001627001327,3.5042290850664366,3.3913341518136044,0.9677832326277003
4,49,4,0.9,abs,2.765199658487654,0.7907324364723468,0.9,0.06818386007105176,0.16422559319467284,3.5042290850664366,3.3913341518136044,0.9677832326277003
4,49,4,0.9,norm,2.6761138643521947,0.8654708520179372,0.9,0.06570609437780969,0.13640329918089827,3.5042290850664366,3.3913341518136044,0.9677832326277003
4,49,4,0.95,abs,2.568431200596498,0.9103139013452914,0.95,0.051784643808293125,0.1001966088349645,3.5042290850664366,3.3913341518136044,0.9677832326277003
4,49,4,0.95,norm,2.485684650095124,0.9402092675635276,0.95,0.040936971626228655,0.07024283865518892,3.5042290850664366,3.3913341518136044,0.9677832326277003
4,49,24,0.9,abs,2.462829571751663,0.8443759630200308,0.9,0.04959495108108102,0.06161468467869763,3.5042290850664366,3.3913341518136044,0.9677832326277003
4,49,24,0.9,norm,2.383485164360919,0.8628659476117103,0.9,0.021564538343141478,0.030376551602963136,3.5042290850664366,3.3913341518136044,0.9677832326277003
4,49,24,0.95,abs,2.196325088818029,1.0,0.95,0.0,0.0,3.5042290850664366,3.3913341518136044,0.9677832326277003
4,49,24,0.95,norm,2.125566594357633,1.0,0.95,0.0,0.0,3.5042290850664366,3.3913341518136044,0.9677832326277003
4,56,1,0.9,abs,2.944894570306049,0.6860119047619048,0.9,0.07494258262879752,0.212244311163047,3.5141552033893557,3.3193381981259487,0.9445622079879942
4,56,1,0.9,norm,2.7816361176201374,0.8125,0.9,0.0546014173459759,0.16600973215417308,3.5141552033893557,3.3193381981259487,0.9445622079879942
4,56,1,0.95,abs,2.830677640926357,0.7827380952380952,0.95,0.06247117240558385,0.1804586233194478,3.5141552033893557,3.3193381981259487,0.9445622079879942
4,56,1,0.95,norm,2.6737511226156467,0.9002976190476191,0.95,0.04888004253011903,0.13235849396700738,3.5141552033893557,3.3193381981259487,0.9445622079879942
4,56,4,0.9,abs,2.8293043665100046,0.6666666666666666,0.9,0.07413560278930098,0.18006083818927252,3.5141552033893557,3.3193381981259487,0.9445622079879942
4,56,4,0.9,norm,2.672453979500763,0.8176382660687593,0.9,0.05638952722262142,0.1319373622227862,3.5141552033893557,3.3193381981259487,0.9445622079879942
4,56,4,0.95,abs,2.713968416734283,0.7698056801195815,0.95,0.05793739762513825,0.1452157525196524,3.5141552033893557,3.3193381981259487,0.9445622079879942
4,56,4,0.95,norm,2.563512000120215,0.8923766816143498,0.95,0.04325060345520973,0.09504716549996435,3.5141552033893557,3.3193381981259487,0.9445622079879942
4,56,24,0.9,abs,2.6628973806591847,0.5362095531587057,0.9,0.0701452567228126,0.1288220614008876,3.5141552033893557,3.3193381981259487,0.9445622079879942
4,56,24,0.9,norm,2.515272229520886,0.7318952234206472,0.9,0.04436752542860977,0.0776913037259845,3.5141552033893557,3.3193381981259487,0.9445622079879942
4,56,24,0.95,abs,2.462829571751663,0.810477657935285,0.95,0.03949134617635728,0.05805197509721759,3.5141552033893557,3.3193381981259487,0.9445622079879942
4,56,24,0.95,norm,2.326295738191877,0.963020030816641,0.95,0.0027676134648454784,0.0027676134648454784,3.5141552033893557,3.3193381981259487,0.9445622079879942
4,63,1,0.9,abs,2.976253302386421,0.5625,0.9,0.07433160474669581,0.22054435053510563,3.603110807262528,3.1453557311223515,0.8729555929233392
4,63,1,0.9,norm,2.5981369662747844,0.9375,0.9,0.03893754634833219,0.1071073307925478,3.603110807262528,3.1453557311223515,0.8729555929233392
4,63,1,0.95,abs,2.8302580764508782,0.7157738095238095,0.95,0.053815458973397595,0.18033713247354186,3.603110807262528,3.1453557311223515,0.8729555929233392
4,63,1,0.95,norm,2.4706896172542456,0.9791666666666666,0.95,0.02864497357477634,0.06104860983640092,3.603110807262528,3.1453557311223515,0.8729555929233392
4,63,4,0.9,abs,2.854165766182231,0.5321375186846039,0.9,0.06764473334907135,0.18720297248652248,3.603110807262528,3.1453557311223515,0.8729555929233392
4,63,4,0.9,norm,2.4915599687191063,0.9446935724962631,0.9,0.03894006244690041,0.06891366055448905,3.603110807262528,3.1453557311223515,0.8729555929233392
4,63,4,0.95,abs,2.713968416734283,0.7354260089686099,0.95,0.051719206517267066,0.1452157525196524,3.603110807262528,3.1453557311223515,0.8729555929233392
4,63,4,0.95,norm,2.369173908405492,0.9805680119581465,0.95,0.011647959688630768,0.020815887532308154,3.603110807262528,3.1453557311223515,0.8729555929233392
4,63,24,0.9,abs,2.6864605429917177,0.4221879815100154,0.9,0.06295050355950296,0.13646323344091021,3.603110807262528,3.1453557311223515,0.8729555929233392
4,63,24,0.9,norm,2.3451607561724903,0.9445300462249615,0.9,0.008345203950052539,0.010789582472010607,3.603110807262528,3.1453557311223515,0.8729555929233392
4,63,24,0.95,abs,2.462829571751663,0.8505392912172574,0.95,0.038614935807527534,0.05805197509721759,3.603110807262528,3.1453557311223515,0.8729555929233392
4,63,24,0.95,norm,2.1499408490776064,1.0,0.95,0.0,0.0,3.603110807262528,3.1453557311223515,0.8729555929233392
4,70,1,0.9,abs,2.8392864767130295,0.7291666666666666,0.9,0.04314818128326205,0.16710176021958947,3.5310112631738386,3.169946447936282,0.8977446435803735
4,70,1,0.9,norm,2.548954226059313,0.9836309523809523,0.9,0.022453604049579728,0.0722325711032298,3.5310112631738386,3.169946447936282,0.8977446435803735
4,70,1,0.95,abs,2.6601234324406415,0.9404761904761905,0.95,0.03222103241699353,0.11100489554468253,3.5310112631738386,3.169946447936282,0.8977446435803735
4,70,1,0.95,norm,2.3881115627362237,0.9985119047619048,0.95,0.009746133477512386,0.009746133477512386,3.5310112631738386,3.169946447936282,0.8977446435803735
4,70,4,0.9,abs,2.713968416734283,0.7772795216741405,0.9,0.03747838480734806,0.1286425095793072,3.5310112631738386,3.169946447936282,0.8977446435803735
4,70,4,0.9,norm,2.4364506089695097,0.9880418535127056,0.9,0.019310074603463716,0.02939271578880593,3.5310112631738386,3.169946447936282,0.8977446435803735
4,70,4,0.95,abs,2.4589461950356775,0.9865470852017937,0.95,0.025524545314183897,0.03827228368764946,3.5310112631738386,3.169946447936282,0.8977446435803735
4,70,4,0.95,norm,2.20750577544562,1.0,0.95,0.0,0.0,3.5310112631738386,3.169946447936282,0.8977446435803735
4,70,24,0.9,abs,2.3370548325324254,1.0,0.9,0.0,0.0,3.5310112631738386,3.169946447936282,0.8977446435803735
4,70,24,0.9,norm,2.0980784576596117,1.0,0.9,0.0,0.0,3.5310112631738386,3.169946447936282,0.8977446435803735
4,70,24,0.95,abs,2.3198574507836445,1.0,0.95,0.0,0.0,3.5310112631738386,3.169946447936282,0.8977446435803735
4,70,24,0.95,norm,2.082639600311037,1.0,0.95,0.0,0.0,3.5310112631738386,3.169946447936282,0.8977446435803735
4,77,1,0.9,abs,2.7131261057503164,0.9315476190476191,0.9,0.034458634070064484,0.12837198990696785,3.3913341518136044,3.3019078314716874,0.9736309321527359
4,77,1,0.9,norm,2.641583499389603,0.96875,0.9,0.03548506522493103,0.10476549038368296,3.3913341518136044,3.3019078314716874,0.9736309321527359
4,77,1,0.95,abs,2.582633703977879,0.9791666666666666,0.95,0.02750462565528815,0.08433135328320596,3.3913341518136044,3.3019078314716874,0.9736309321527359
4,77,1,0.95,norm,2.514532060613055,0.9925595238095238,0.95,0.02867235351582977,0.0595320911875559,3.3913341518136044,3.3019078314716874,0.9736309321527359
4,77,4,0.9,abs,2.6109795503180036,0.9387144992526159,0.9,0.03370472069214451,0.09427222116749971,3.3913341518136044,3.3019078314716874,0.9736309321527359
4,77,4,0.9,norm,2.542130453407849,0.9656203288490284,0.9,0.026200391181897084,0.06974218985637508,3.3913341518136044,3.3019078314716874,0.9736309321527359
4,77,4,0.95,abs,2.4589461950356775,0.9865470852017937,0.95,0.025524545314183897,0.03827228368764946,3.3913341518136044,3.3019078314716874,0.9736309321527359
4,77,4,0.95,norm,2.3941060759860098,0.9940209267563528,0.95,0.012225593340658241,0.012225593340658241,3.3913341518136044,3.3019078314716874,0.9736309321527359
4,77,24,0.9,abs,2.3370548325324254,1.0,0.9,0.0,0.0,3.3913341518136044,3.3019078314716874,0.9736309321527359
4,77,24,0.9,norm,2.275428875090601,1.0,0.9,0.0,0.0,3.3913341518136044,3.3019078314716874,0.9736309321527359
4,77,24,0.95,abs,2.3198574507836445,1.0,0.95,0.0,0.0,3.3913341518136044,3.3019078314716874,0.9736309321527359
4,77,24,0.95,norm,2.258684972267949,1.0,0.95,0.0,0.0,3.3913341518136044,3.3019078314716874,0.9736309321527359
4,84,1,0.9,abs,2.674005923818142,0.9910714285714286,0.9,0.02569332840129496,0.05828032459538645,3.3193381981259487,3.5816656645874096,1.0790300508124082
4,84,1,0.9,norm,2.8853327478501702,0.8690476190476191,0.9,0.04125333602141785,0.1272535230176516,3.3193381981259487,3.5816656645874096,1.0790300508124082
4,84,1,0.95,abs,2.564360565830062,0.9970238095238095,0.95,0.010464184546334422,0.018014851670078626,3.3193381981259487,3.5816656645874096,1.0790300508124082
4,84,1,0.95,norm,2.7670221116489473,0.9360119047619048,0.95,0.020229603359785898,0.08993716385324113,3.3193381981259487,3.5816656645874096,1.0790300508124082
4,84,4,0.9,abs,2.554305561727988,0.9940209267563528,0.9,0.01414927472322596,0.01414927472322596,3.3193381981259487,3.5816656645874096,1.0790300508124082
4,84,4,0.9,norm,2.7561724600617676,0.890881913303438,0.9,0.027431670731482918,0.08635470853242583,3.3193381981259487,3.5816656645874096,1.0790300508124082
4,84,4,0.95,abs,2.452339385141369,1.0,0.95,0.0,0.0,3.3193381981259487,3.5816656645874096,1.0790300508124082
4,84,4,0.95,norm,2.646147891358361,0.9745889387144993,0.95,0.022750696424637288,0.0483661178456007,3.3193381981259487,3.5816656645874096,1.0790300508124082
4,84,24,0.9,abs,2.364836708686606,1.0,0.9,0.0,0.0,3.3193381981259487,3.5816656645874096,1.0790300508124082
4,84,24,0.9,norm,2.551729873937156,0.963020030816641,0.9,0.013154167951692802,0.013154167951692802,3.3193381981259487,3.5816656645874096,1.0790300508124082
4,84,24,0.95,abs,2.3370548325324254,1.0,0.95,0.0,0.0,3.3193381981259487,3.5816656645874096,1.0790300508124082
4,84,24,0.95,norm,2.521752394698847,0.963020030816641,0.95,0.0014229803442859616,0.0014229803442859616,3.3193381981259487,3.5816656645874096,1.0790300508124082
4,91,1,0.9,abs,2.6689781236841315,0.9985119047619048,0.9,0.008906496017758543,0.008906496017758543,3.1453557311223515,3.8041000546537753,1.2094339654536834
4,91,1,0.9,norm,3.2279527958364307,0.8363095238095238,0.9,0.0728041071372665,0.18053111431308116,3.1453557311223515,3.8041000546537753,1.2094339654536834
4,91,1,0.95,abs,2.566074052416958,1.0,0.95,0.0,0.0,3.1453557311223515,3.8041000546537753,1.2094339654536834
4,91,1,0.95,norm,3.1034971168624446,0.8764880952380952,0.95,0.05329733033293002,0.14766897437034196,3.1453557311223515,3.8041000546537753,1.2094339654536834
4,91,4,0.9,abs,2.555749780707493,1.0,0.9,0.0,0.0,3.1453557311223515,3.8041000546537753,1.2094339654536834
4,91,4,0.9,norm,3.0910105919884447,0.8325859491778774,0.9,0.06273123215875867,0.1442258763169121,3.1453557311223515,3.8041000546537753,1.2094339654536834
4,91,4,0.95,abs,2.476838267457391,1.0,0.95,0.0,0.0,3.1453557311223515,3.8041000546537753,1.2094339654536834
4,91,4,0.95,norm,2.9955723275984236,0.8565022421524664,0.95,0.0412757961672379,0.11696110413239816,3.1453557311223515,3.8041000546537753,1.2094339654536834
4,91,24,0.9,abs,2.3870654761626895,1.0,0.9,0.0,0.0,3.1453557311223515,3.8041000546537753,1.2094339654536834
4,91,24,0.9,norm,2.8869980646330267,0.8443759630200308,0.9,0.04280315216491353,0.08375176517816864,3.1453557311223515,3.8041000546537753,1.2094339654536834
4,91,24,0.95,abs,2.3370548325324254,1.0,0.95,0.0,0.0,3.1453557311223515,3.8041000546537753,1.2094339654536834
4,91,24,0.95,norm,2.8265134935923855,0.8828967642526965,0.95,0.03412271779051709,0.06414496635142468,3.1453557311223515,3.8041000546537753,1.2094339654536834
4,98,1,0.9,abs,2.701678263559649,1.0,0.9,0.0,0.0,3.169946447936282,3.99541470663657,1.260404480724805
4,98,1,0.9,norm,3.405207388867392,0.9002976190476191,0.9,0.05007763280104857,0.15830131228858915,3.169946447936282,3.99541470663657,1.260404480724805
4,98,1,0.95,abs,2.6376303416063798,1.0,0.95,0.0,0.0,3.169946447936282,3.99541470663657,1.260404480724805
4,98,1,0.95,norm,3.3244811010563793,0.9330357142857143,0.95,0.04473239483448537,0.1378628713864128,3.169946447936282,3.99541470663657,1.260404480724805
4,98,4,0.9,abs,2.6136881556273135,1.0,0.9,0.0,0.0,3.169946447936282,3.99541470663657,1.260404480724805
4,98,4,0.9,norm,3.2943042625700176,0.8774289985052317,0.9,0.04502778363303181,0.12996543058870966,3.169946447936282,3.99541470663657,1.260404480724805
4,98,4,0.95,abs,2.554305561727988,1.0,0.95,0.0,0.0,3.169946447936282,3.99541470663657,1.260404480724805
4,98,4,0.95,norm,3.2194581751422464,0.9312406576980568,0.95,0.051044295890383916,0.10973883347055838,3.169946447936282,3.99541470663657,1.260404480724805
4,98,24,0.9,abs,2.514579166775045,1.0,0.9,0.0,0.0,3.169946447936282,3.99541470663657,1.260404480724805
4,98,24,0.9,norm,3.1693868489405133,0.8412942989214176,0.9,0.06850062736246065,0.09567410757919786,3.169946447936282,3.99541470663657,1.260404480724805
4,98,24,0.95,abs,2.413968423198702,1.0,0.95,0.0,0.0,3.169946447936282,3.99541470663657,1.260404480724805
4,98,24,0.95,norm,3.0425766169278363,0.8459167950693375,0.95,0.03093757342221951,0.05798310068887805,3.169946447936282,3.99541470663657,1.260404480724805
4,105,1,0.9,abs,2.7409019445573497,1.0,0.9,0.0,0.0,3.3019078314716874,4.145280111106022,1.2554196914874018
4,105,1,0.9,norm,3.440982273633408,0.9375,0.9,0.05810780165745766,0.16705220699424164,3.3019078314716874,4.145280111106022,1.2554196914874018
4,105,1,0.95,abs,2.683139360615758,1.0,0.95,0.0,0.0,3.3019078314716874,4.145280111106022,1.2554196914874018
4,105,1,0.95,norm,3.368465988321939,0.9523809523809523,0.95,0.05317089097388372,0.1491205193902785,3.3019078314716874,4.145280111106022,1.2554196914874018
4,105,4,0.9,abs,2.67857364064343,1.0,0.9,0.0,0.0,3.3019078314716874,4.145280111106022,1.2554196914874018
4,105,4,0.9,norm,3.3627340935628616,0.8893871449925261,0.9,0.05933019373030392,0.14767016634427063,3.3019078314716874,4.145280111106022,1.2554196914874018
4,105,4,0.95,abs,2.6075537447342905,1.0,0.95,0.0,0.0,3.3019078314716874,4.145280111106022,1.2554196914874018
4,105,4,0.95,norm,3.2735743177511423,0.9237668161434978,0.95,0.05569681601952721,0.12445592725572893,3.3019078314716874,4.145280111106022,1.2554196914874018
4,105,24,0.9,abs,2.537264362002107,1.0,0.9,0.0,0.0,3.3019078314716874,4.145280111106022,1.2554196914874018
4,105,24,0.9,norm,3.1853316425666645,0.785824345146379,0.9,0.05484918573011789,0.10020088574343824,3.3019078314716874,4.145280111106022,1.2554196914874018
4,105,24,0.95,abs,2.413968423198702,1.0,0.95,0.0,0.0,3.3019078314716874,4.145280111106022,1.2554196914874018
4,105,24,0.95,norm,3.030543493112444,0.8798151001540832,0.95,0.027792745539561972,0.05424271352355116,3.3019078314716874,4.145280111106022,1.2554196914874018
4,112,1,0.9,abs,2.824959156052601,0.9940476190476191,0.9,0.10214679961930431,0.24068400080489893,3.5816656645874096,4.051597869728802,1.1312049334441512
4,112,1,0.9,norm,3.195607734104928,0.9508928571428571,0.9,0.07033027441624076,0.32875469621297465,3.5816656645874096,4.051597869728802,1.1312049334441512
4,112,1,0.95,abs,2.7521248763205377,0.9955357142857143,0.95,0.1108443183874371,0.22058889742995824,3.5816656645874096,4.051597869728802,1.1312049334441512
4,112,1,0.95,norm,3.1132172375481666,0.9613095238095238,0.95,0.06283280755034118,0.31099036122748475,3.5816656645874096,4.051597869728802,1.1312049334441512
4,112,4,0.9,abs,2.7463669139252613,0.9910313901345291,0.9,0.08462013305555276,0.21895480411332818,3.5816656645874096,4.051597869728802,1.1312049334441512
4,112,4,0.9,norm,3.1067038020800437,0.905829596412556,0.9,0.060825666455939155,0.30954580129999676,3.5816656645874096,4.051597869728802,1.1312049334441512
4,112,4,0.95,abs,2.688765858779122,0.9910313901345291,0.95,0.06501007812147451,0.20222258205948104,3.5816656645874096,4.051597869728802,1.1312049334441512
4,112,4,0.95,norm,3.0415452043271425,0.9237668161434978,0.95,0.0530208912593698,0.29475429751570636,3.5816656645874096,4.051597869728802,1.1312049334441512
4,112,24,0.9,abs,2.610161834601227,0.9614791987673343,0.9,0.017901072649346452,0.17819782059944853,3.5816656645874096,4.051597869728802,1.1312049334441512
4,112,24,0.9,norm,2.9526279443885444,0.8258859784283513,0.9,0.05245962107304035,0.2735160932348208,3.5816656645874096,4.051597869728802,1.1312049334441512
4,112,24,0.95,abs,2.556889256643713,0.9984591679506933,0.95,0.16107563959218904,0.16107563959218904,3.5816656645874096,4.051597869728802,1.1312049334441512
4,112,24,0.95,norm,2.8923657413857162,0.8813559322033898,0.95,0.051025950489220394,0.25837986062033946,3.5816656645874096,4.051597869728802,1.1312049334441512
4,119,1,0.9,abs,3.0413447736958292,0.9136904761904762,0.9,0.11710942401737925,0.35867824543104326,3.8041000546537753,4.011390552171414,1.0544913368574647
4,119,1,0.9,norm,3.207071716258978,0.8779761904761905,0.9,0.1220945373633042,0.3918188493798464,3.8041000546537753,4.011390552171414,1.0544913368574647
4,119,1,0.95,abs,2.938127582919976,0.9315476190476191,0.95,0.11323440396875814,0.3361484443853506,3.8041000546537753,4.011390552171414,1.0544913368574647
4,119,1,0.95,norm,3.0982300827710767,0.9032738095238095,0.95,0.1202241141985233,0.3704532864224165,3.8041000546537753,4.011390552171414,1.0544913368574647
4,119,4,0.9,abs,2.9442566058322406,0.8639760837070254,0.9,0.13969744433093717,0.33753037603717906,3.8041000546537753,4.011390552171414,1.0544913368574647
4,119,4,0.9,norm,3.1046930843354605,0.8071748878923767,0.9,0.13727477312104056,0.3717638061047752,3.8041000546537753,4.011390552171414,1.0544913368574647
4,119,4,0.95,abs,2.8463900181723196,0.8938714499252616,0.95,0.14629523093398938,0.314752878536249,3.8041000546537753,4.011390552171414,1.0544913368574647
4,119,4,0.95,norm,3.0014936154802725,0.8445440956651719,0.95,0.1379375456262132,0.3501633465231819,3.8041000546537753,4.011390552171414,1.0544913368574647
4,119,24,0.9,abs,2.8089570514602116,0.6918335901386748,0.9,0.163573169133686,0.3056210790044669,3.8041000546537753,4.011390552171414,1.0544913368574647
4,119,24,0.9,norm,2.962020876369481,0.5639445300462249,0.9,0.14859389693382719,0.3415034370363992,3.8041000546537753,4.011390552171414,1.0544913368574647
4,119,24,0.95,abs,2.702566243067503,0.7288135593220338,0.95,0.15359908474180084,0.27828575098981656,3.8041000546537753,4.011390552171414,1.0544913368574647
4,119,24,0.95,norm,2.849832690598107,0.6918335901386748,0.95,0.17557018264838795,0.3155806749811758,3.8041000546537753,4.011390552171414,1.0544913368574647
4,126,1,0.9,abs,3.4065141964449643,0.7678571428571429,0.9,0.14136233957755112,0.4376242489096846,3.99541470663657,3.951672597878068,0.9890519227739127
4,126,1,0.9,norm,3.3692194159505218,0.7827380952380952,0.9,0.14124525777502595,0.4313991630357824,3.99541470663657,3.951672597878068,0.9890519227739127
4,126,1,0.95,abs,3.267961061507786,0.8095238095238095,0.95,0.13324690268386655,0.41378096502114803,3.99541470663657,3.951672597878068,0.9890519227739127
4,126,1,0.95,norm,3.2321831714345524,0.8184523809523809,0.95,0.13003465007470397,0.4072919515340189,3.99541470663657,3.951672597878068,0.9890519227739127
4,126,4,0.9,abs,3.2612253234500583,0.6666666666666666,0.9,0.15976261171376946,0.4125701876376662,3.99541470663657,3.951672597878068,0.9890519227739127
4,126,4,0.9,norm,3.2255211767572556,0.6816143497757847,0.9,0.1577789430157485,0.4060677717355651,3.99541470663657,3.951672597878068,0.9890519227739127
4,126,4,0.95,abs,3.1804687446377082,0.70254110612855,0.95,0.15668705408993427,0.3976545177324848,3.99541470663657,3.951672597878068,0.9890519227739127
4,126,4,0.95,norm,3.1456487272062574,0.7130044843049327,0.95,0.15296584631610274,0.3909869963366874,3.99541470663657,3.951672597878068,0.9890519227739127
4,126,24,0.9,abs,2.9604795547401355,0.3667180277349769,0.9,0.16772784283940206,0.35289504811536565,3.99541470663657,3.951672597878068,0.9890519227739127
4,126,24,0.9,norm,2.928067995948588,0.4098613251155624,0.9,0.17079015932611072,0.34573207231653497,3.99541470663657,3.951672597878068,0.9890519227739127
4,126,24,0.95,abs,2.93651722584798,0.4098613251155624,0.95,0.1731760416621726,0.34761459494849406,3.99541470663657,3.951672597878068,0.9890519227739127
4,126,24,0.95,norm,2.9043680084836607,0.4530046224961479,0.95,0.1772411845494036,0.34039316841747375,3.99541470663657,3.951672597878068,0.9890519227739127
4,133,1,0.9,abs,3.5234432528895523,0.6324404761904762,0.9,0.13700095427177428,0.4562872615432439,4.145280111106022,3.8287099452607523,0.9236311763354386
4,133,1,0.9,norm,3.254362036417541,0.7574404761904762,0.9,0.12104834125294708,0.41133132749592893,4.145280111106022,3.8287099452607523,0.9236311763354386
4,133,1,0.95,abs,3.3864160458913473,0.7023809523809523,0.95,0.12981680293160555,0.43428658680321364,4.145280111106022,3.8287099452607523,0.9236311763354386
4,133,1,0.95,norm,3.1277994360278294,0.8020833333333334,0.95,0.10909804118997381,0.38751156555662414,4.145280111106022,3.8287099452607523,0.9236311763354386
4,133,4,0.9,abs,3.338229729818562,0.5515695067264574,0.9,0.15821464359294865,0.4261206882458378,4.145280111106022,3.8287099452607523,0.9236311763354386
4,133,4,0.9,norm,3.0832930522302515,0.6636771300448431,0.9,0.13176670842874724,0.37867048400091646,4.145280111106022,3.8287099452607523,0.9236311763354386
4,133,4,0.95,abs,3.1777183893653724,0.6233183856502242,0.95,0.14221501770267725,0.3971331801342676,4.145280111106022,3.8287099452607523,0.9236311763354386
4,133,4,0.95,norm,2.935039774032294,0.7533632286995515,0.95,0.1273106549569782,0.3472861946284206,4.145280111106022,3.8287099452607523,0.9236311763354386
4,133,24,0.9,abs,3.0221874347778894,0.19568567026194145,0.9,0.15921261770524123,0.3661078205209488,4.145280111106022,3.8287099452607523,0.9236311763354386
4,133,24,0.9,norm,2.7913865354900835,0.4637904468412943,0.9,0.15440567190185828,0.31369555757736983,4.145280111106022,3.8287099452607523,0.9236311763354386
4,133,24,0.95,abs,2.9604795547401355,0.2357473035439137,0.95,0.14978615611193563,0.35289504811536565,4.145280111106022,3.8287099452607523,0.9236311763354386
4,133,24,0.95,norm,2.7343912136616466,0.4869029275808937,0.95,0.1430582726946582,0.2993903102620879,4.145280111106022,3.8287099452607523,0.9236311763354386
4,140,1,0.9,abs,3.4209536472421287,0.5699404761904762,0.9,0.14658627209686953,0.4399979720947191,4.051597869728802,3.687659151080669,0.9101740275442257
4,140,1,0.9,norm,3.113663159152477,0.7083333333333334,0.9,0.11661934430438978,0.3847308196474875,4.051597869728802,3.687659151080669,0.9101740275442257
4,140,1,0.95,abs,3.206422135919642,0.6666666666666666,0.95,0.12630477420364192,0.4025300167546091,4.051597869728802,3.687659151080669,0.9101740275442257
4,140,1,0.95,norm,2.918402149456939,0.7946428571428571,0.95,0.09466207654285955,0.34356511484133767,4.051597869728802,3.687659151080669,0.9101740275442257
4,140,4,0.9,abs,3.1702495395234074,0.5321375186846039,0.9,0.1494567673813387,0.3957128749828451,4.051597869728802,3.687659151080669,0.9101740275442257
4,140,4,0.9,norm,2.8854787917082465,0.6711509715994021,0.9,0.11489545084358947,0.33607518262457514,4.051597869728802,3.687659151080669,0.9101740275442257
4,140,4,0.95,abs,2.957609102221892,0.6352765321375187,0.95,0.1238273841679313,0.35226701243705044,4.051597869728802,3.687659151080669,0.9101740275442257
4,140,4,0.95,norm,2.691938988470761,0.7757847533632287,0.95,0.09398154752510171,0.2883416050547807,4.051597869728802,3.687659151080669,0.9101740275442257
4,140,24,0.9,abs,2.8661585905948836,0.29892141756548535,0.9,0.15077831379090895,0.3315997983810314,4.051597869728802,3.687659151080669,0.9101740275442257
4,140,24,0.9,norm,2.608703107982227,0.551617873651772,0.9,0.13225476360282526,0.2656347232601177,4.051597869728802,3.687659151080669,0.9101740275442257
4,140,24,0.95,abs,2.804392065963273,0.37750385208012327,0.95,0.15078553220185006,0.3168783341399426,4.051597869728802,3.687659151080669,0.9101740275442257
4,140,24,0.95,norm,2.5524848214908644,0.5577812018489985,0.95,0.1148364614185221,0.24946038319373579,4.051597869728802,3.687659151080669,0.9101740275442257
4,147,1,0.9,abs,3.1223412283416927,0.7425595238095238,0.9,0.10234055980448724,0.3864408660923237,4.011390552171414,3.6956710752819517,0.9212942562477344
4,147,1,0.9,norm,2.8765950397166975,0.8511904761904762,0.9,0.0758141351160171,0.3340247920283449,4.011390552171414,3.6956710752819517,0.9212942562477344
4,147,1,0.95,abs,2.846539265779375,0.8720238095238095,0.95,0.07762839525967963,0.32699295496946734,4.011390552171414,3.6956710752819517,0.9212942562477344
4,147,1,0.95,norm,2.6225002757461815,0.9404761904761905,0.95,0.05101332059033015,0.26949827325357584,4.011390552171414,3.6956710752819517,0.9212942562477344
4,147,4,0.9,abs,2.804392065963273,0.8101644245142003,0.9,0.08963669801191235,0.3168783341399426,4.011390552171414,3.6956710752819517,0.9212942562477344
4,147,4,0.9,norm,2.583670302638681,0.905829596412556,0.9,0.06299296019470284,0.2585195650276938,4.011390552171414,3.6956710752819517,0.9212942562477344
4,147,4,0.95,abs,2.4592074228031606,0.9431988041853513,0.95,0.043081647750304805,0.22099251894666289,4.011390552171414,3.6956710752819517,0.9212942562477344
4,147,4,0.95,norm,2.2656536735503456,0.9865470852017937,0.95,0.04645841753641852,0.15444226882940282,4.011390552171414,3.6956710752819517,0.9212942562477344
4,147,24,0.9,abs,2.1636814961197444,0.9614791987673343,0.9,0.01556446480483536,0.11459196593344785,4.011390552171414,3.6956710752819517,0.9212942562477344
4,147,24,0.9,norm,1.9933873347246254,0.9984591679506933,0.9,0.03895196560471406,0.03895196560471406,4.011390552171414,3.6956710752819517,0.9212942562477344
4,147,24,0.95,abs,2.14503668426343,0.9614791987673343,0.95,0.007007680917157203,0.10689593614880637,4.011390552171414,3.6956710752819517,0.9212942562477344
4,147,24,0.95,norm,1.9762099766525834,0.9984591679506933,0.95,0.030598467542123253,0.030598467542123253,4.011390552171414,3.6956710752819517,0.9212942562477344
4,154,1,0.9,abs,2.9107944840451334,0.8422619047619048,0.9,0.08412046619175764,0.34899103675138965,3.951672597878068,3.6692653158041844,0.9285347469763745
4,154,1,0.9,norm,2.7027738197430744,0.9166666666666666,0.9,0.0654765494745529,0.29888572789707935,3.951672597878068,3.6692653158041844,0.9285347469763745
4,154,1,0.95,abs,2.64243752487168,0.9360119047619048,0.95,0.061238139943558145,0.28287678272355093,3.951672597878068,3.6692653158041844,0.9285347469763745
4,154,1,0.95,norm,2.4535950585576027,0.9776785714285714,0.95,0.05055776448519738,0.2276829492793387,3.951672597878068,3.6692653158041844,0.9285347469763745
4,154,4,0.9,abs,2.52897642315788,0.9267563527653214,0.9,0.0739000028716049,0.2507034538021483,3.951672597878068,3.6692653158041844,0.9285347469763745
4,154,4,0.9,norm,2.3482424831861186,0.9805680119581465,0.9,0.09388524879454965,0.19303338013163585,3.951672597878068,3.6692653158041844,0.9285347469763745
4,154,4,0.95,abs,2.2643181082703396,0.9865470852017937,0.95,0.09836755328058704,0.16312408032831255,3.951672597878068,3.6692653158041844,0.9285347469763745
4,154,4,0.95,norm,2.1024980417368226,0.9940209267563528,0.95,0.09871340582908648,0.09871340582908648,3.951672597878068,3.6692653158041844,0.9285347469763745
4,154,24,0.9,abs,2.1389326171161382,0.963020030816641,0.9,0.11406592048565445,0.11406592048565445,3.951672597878068,3.6692653158041844,0.9285347469763745
4,154,24,0.9,norm,1.9860732564334482,0.963020030816641,0.9,0.04587945427002207,0.04587945427002206,3.951672597878068,3.6692653158041844,0.9285347469763745
4,154,24,0.95,abs,1.9504805665157359,0.963020030816641,0.95,0.028468505752370355,0.028468505752370355,3.951672597878068,3.6692653158041844,0.9285347469763745
4,154,24,0.95,norm,1.8110889793120244,1.0,0.95,0.0,0.0,3.951672597878068,3.6692653158041844,0.9285347469763745
8,56,1,0.9,abs,2.461301604011945,0.9791666666666666,0.9,0.02766044286997415,0.05746721693828392,3.2406335639475095,3.3193381981259487,1.0242868046094562
8,56,1,0.9,norm,2.5210787551535248,0.9672619047619048,0.9,0.03618660050279229,0.07981555671696049,3.2406335639475095,3.3193381981259487,1.0242868046094562
8,56,1,0.95,abs,2.1998635211646516,1.0,0.95,0.0,0.0,3.2406335639475095,3.3193381981259487,1.0242868046094562
8,56,1,0.95,norm,2.2532911766706483,1.0,0.95,0.0,0.0,3.2406335639475095,3.3193381981259487,1.0242868046094562
8,56,4,0.9,abs,2.242628242335759,1.0,0.9,0.0,0.0,3.2406335639475095,3.3193381981259487,1.0242868046094562
8,56,4,0.9,norm,2.297094516269016,1.0,0.9,0.0,0.0,3.2406335639475095,3.3193381981259487,1.0242868046094562
8,56,4,0.95,abs,2.010128241013866,1.0,0.95,0.0,0.0,3.2406335639475095,3.3193381981259487,1.0242868046094562
8,56,4,0.95,norm,2.05894783284332,1.0,0.95,0.0,0.0,3.2406335639475095,3.3193381981259487,1.0242868046094562
8,56,24,0.9,abs,1.8964132477570923,1.0,0.9,0.0,0.0,3.2406335639475095,3.3193381981259487,1.0242868046094562
8,56,24,0.9,norm,1.9424710657641533,1.0,0.9,0.0,0.0,3.2406335639475095,3.3193381981259487,1.0242868046094562
8,56,24,0.95,abs,1.8464847770325528,1.0,0.95,0.0,0.0,3.2406335639475095,3.3193381981259487,1.0242868046094562
8,56,24,0.95,norm,1.8913299920266777,1.0,0.95,0.0,0.0,3.2406335639475095,3.3193381981259487,1.0242868046094562
8,63,1,0.9,abs,2.6369243108627174,0.9151785714285714,0.9,0.0409982019372045,0.1202411683842904,3.3789400929738025,3.1453557311223515,0.9308705228787073
8,63,1,0.9,norm,2.4546351120443526,0.9821428571428571,0.9,0.026507544457578972,0.054907411940529935,3.3789400929738025,3.1453557311223515,0.9308705228787073
8,63,1,0.95,abs,2.407727152943043,0.9895833333333334,0.95,0.018545664879554797,0.036494875281857665,3.3789400929738025,3.1453557311223515,0.9308705228787073
8,63,1,0.95,norm,2.241282233809352,1.0,0.95,0.0,0.0,3.3789400929738025,3.1453557311223515,0.9308705228787073
8,63,4,0.9,abs,2.461488868435926,0.9521674140508222,0.9,0.032321274572927584,0.05753892266930162,3.3789400929738025,3.1453557311223515,0.9308705228787073
8,63,4,0.9,norm,2.291327430021068,1.0,0.9,0.0,0.0,3.3789400929738025,3.1453557311223515,0.9308705228787073
8,63,4,0.95,abs,2.2096573555939996,1.0,0.95,0.0,0.0,3.3789400929738025,3.1453557311223515,0.9308705228787073
8,63,4,0.95,norm,2.0569048979845683,1.0,0.95,0.0,0.0,3.3789400929738025,3.1453557311223515,0.9308705228787073
8,63,24,0.9,abs,1.9935875126676827,1.0,0.9,0.0,0.0,3.3789400929738025,3.1453557311223515,0.9308705228787073
8,63,24,0.9,norm,1.8557718503214273,1.0,0.9,0.0,0.0,3.3789400929738025,3.1453557311223515,0.9308705228787073
8,63,24,0.95,abs,1.8597670392621706,1.0,0.95,0.0,0.0,3.3789400929738025,3.1453557311223515,0.9308705228787073
8,63,24,0.95,norm,1.7312023162705623,1.0,0.95,0.0,0.0,3.3789400929738025,3.1453557311223515,0.9308705228787073
8,70,1,0.9,abs,2.7079413055692267,0.8943452380952381,0.9,0.03124938269399965,0.1267031143463053,3.418719750498861,3.169946447936282,0.9272320281513927
8,70,1,0.9,norm,2.510889908877884,0.9940476190476191,0.9,0.034403492780662334,0.058167902812015185,3.418719750498861,3.169946447936282,0.9272320281513927
8,70,1,0.95,abs,2.49080766488173,0.9940476190476191,0.95,0.02661832938438144,0.05057434099437202,3.418719750498861,3.169946447936282,0.9272320281513927
8,70,1,0.95,norm,2.309556642843321,1.0,0.95,0.0,0.0,3.418719750498861,3.169946447936282,0.9272320281513927
8,70,4,0.9,abs,2.4976302424189445,0.9850523168908819,0.9,0.0377101825737932,0.05316781142261023,3.418719750498861,3.169946447936282,0.9272320281513927
8,70,4,0.9,norm,2.3158827552503722,1.0,0.9,0.0,0.0,3.418719750498861,3.169946447936282,0.9272320281513927
8,70,4,0.95,abs,2.3197580770847286,1.0,0.95,0.0,0.0,3.418719750498861,3.169946447936282,0.9272320281513927
8,70,4,0.95,norm,2.150953986635848,1.0,0.95,0.0,0.0,3.418719750498861,3.169946447936282,0.9272320281513927
8,70,24,0.9,abs,2.3110831042708124,1.0,0.9,0.0,0.0,3.418719750498861,3.169946447936282,0.9272320281513927
8,70,24,0.9,norm,2.1429102739994423,1.0,0.9,0.0,0.0,3.418719750498861,3.169946447936282,0.9272320281513927
8,70,24,0.95,abs,1.8597670392621706,1.0,0.95,0.0,0.0,3.418719750498861,3.169946447936282,0.9272320281513927
8,70,24,0.95,norm,1.724435563704173,1.0,0.95,0.0,0.0,3.418719750498861,3.169946447936282,0.9272320281513927
8,77,1,0.9,abs,2.793404173364966,0.84375,0.9,0.03485235673702192,0.15342121586440646,3.447781618440021,3.3019078314716874,0.9576905375363259
8,77,1,0.9,norm,2.675216744346111,0.9568452380952381,0.9,0.0363045585889087,0.11602051920296633,3.447781618440021,3.3019078314716874,0.9576905375363259
8,77,1,0.95,abs,2.642042347609094,0.96875,0.95,0.035652574258574904,0.10492096736198962,3.447781618440021,3.3019078314716874,0.9576905375363259
8,77,1,0.95,norm,2.53025895607549,0.9910714285714286,0.95,0.02972141135594858,0.06537759583527333,3.447781618440021,3.3019078314716874,0.9576905375363259
8,77,4,0.9,abs,2.675606486489828,0.9028400597907325,0.9,0.040179946091929424,0.11614928404921245,3.447781618440021,3.3019078314716874,0.9576905375363259
8,77,4,0.9,norm,2.5624030142821237,0.9566517189835575,0.9,0.027582233366320104,0.0771019642477542,3.447781618440021,3.3019078314716874,0.9576905375363259
8,77,4,0.95,abs,2.4811843375498843,0.9850523168908819,0.95,0.031331887114502875,0.04689197295923982,3.447781618440021,3.3019078314716874,0.9576905375363259
8,77,4,0.95,norm,2.3762067619548617,0.9940209267563528,0.95,0.004784959562568526,0.004784959562568526,3.447781618440021,3.3019078314716874,0.9576905375363259
8,77,24,0.9,abs,2.3750549607830727,0.9799691833590138,0.9,0.004302322373667448,0.004302322373667447,3.447781618440021,3.3019078314716874,0.9576905375363259
8,77,24,0.9,norm,2.274567662070658,1.0,0.9,0.0,0.0,3.447781618440021,3.3019078314716874,0.9576905375363259
8,77,24,0.95,abs,2.3198574507836445,1.0,0.95,0.0,0.0,3.447781618440021,3.3019078314716874,0.9576905375363259
8,77,24,0.95,norm,2.221705529048639,1.0,0.95,0.0,0.0,3.447781618440021,3.3019078314716874,0.9576905375363259
8,84,1,0.9,abs,2.7672647052737624,0.9360119047619048,0.9,0.020315495414692877,0.09001694496048745,3.416746700757652,3.5816656645874096,1.0482678343680516
8,84,1,0.9,norm,2.9008345797204718,0.8586309523809523,0.9,0.04326809742517317,0.13191741155723252,3.416746700757652,3.5816656645874096,1.0482678343680516
8,84,1,0.95,abs,2.645652250636265,0.9925595238095238,0.95,0.01953711133841726,0.048187837232792144,3.416746700757652,3.5816656645874096,1.0482678343680516
8,84,1,0.95,norm,2.7733521552654397,0.9315476190476191,0.95,0.021051128673350517,0.0920143387390992,3.416746700757652,3.5816656645874096,1.0482678343680516
8,84,4,0.9,abs,2.6604831736259387,0.9745889387144993,0.9,0.028016335670704644,0.053493735434507195,3.416746700757652,3.5816656645874096,1.0482678343680516
8,84,4,0.9,norm,2.788898934789504,0.8550074738415545,0.9,0.030559346626468274,0.09707592512738493,3.416746700757652,3.5816656645874096,1.0482678343680516
8,84,4,0.95,abs,2.538929908731841,0.9940209267563528,0.95,0.008179004096327542,0.008179004096327542,3.416746700757652,3.5816656645874096,1.0482678343680516
8,84,4,0.95,norm,2.6614785570386017,0.9745889387144993,0.95,0.028379854067008894,0.05384772537488772,3.416746700757652,3.5816656645874096,1.0482678343680516
8,84,24,0.9,abs,2.413968423198702,1.0,0.9,0.0,0.0,3.416746700757652,3.5816656645874096,1.0482678343680516
8,84,24,0.9,norm,2.5304854512193637,0.963020030816641,0.9,0.004869208240415596,0.004869208240415596,3.416746700757652,3.5816656645874096,1.0482678343680516
8,84,24,0.95,abs,2.3370548325324254,1.0,0.95,0.0,0.0,3.416746700757652,3.5816656645874096,1.0482678343680516
8,84,24,0.95,norm,2.4498594080981553,1.0,0.95,0.0,0.0,3.416746700757652,3.5816656645874096,1.0482678343680516
8,91,1,0.9,abs,2.732324340553034,0.9970238095238095,0.9,0.021387570218119628,0.03188401120832784,3.3742332691924393,3.8041000546537753,1.1273968783919366
8,91,1,0.9,norm,3.0804139322937973,0.8854166666666666,0.9,0.050091524043287455,0.14128200339480707,3.3742332691924393,3.8041000546537753,1.1273968783919366
8,91,1,0.95,abs,2.636059731694519,1.0,0.95,0.0,0.0,3.3742332691924393,3.8041000546537753,1.1273968783919366
8,91,1,0.95,norm,2.971885512767087,0.9315476190476191,0.95,0.036513901422361425,0.10992302048973154,3.3742332691924393,3.8041000546537753,1.1273968783919366
8,91,4,0.9,abs,2.6393972777572223,1.0,0.9,0.0,0.0,3.3742332691924393,3.8041000546537753,1.1273968783919366
8,91,4,0.9,norm,2.975648251779668,0.8774289985052317,0.9,0.04142872496827004,0.11104853234181301,3.3742332691924393,3.8041000546537753,1.1273968783919366
8,91,4,0.95,abs,2.537264362002107,1.0,0.95,0.0,0.0,3.3742332691924393,3.8041000546537753,1.1273968783919366
8,91,4,0.95,norm,2.860503921376284,0.9491778774289985,0.95,0.0376164074082592,0.07526542407907048,3.3742332691924393,3.8041000546537753,1.1273968783919366
8,91,24,0.9,abs,2.413968423198702,1.0,0.9,0.0,0.0,3.3742332691924393,3.8041000546537753,1.1273968783919366
8,91,24,0.9,norm,2.721500464850922,0.9445300462249615,0.9,0.02100818921919608,0.028033647314128655,3.3742332691924393,3.8041000546537753,1.1273968783919366
8,91,24,0.95,abs,2.3370548325324254,1.0,0.95,0.0,0.0,3.3742332691924393,3.8041000546537753,1.1273968783919366
8,91,24,0.95,norm,2.634788322827847,1.0,0.95,0.0,0.0,3.3742332691924393,3.8041000546537753,1.1273968783919366
8,98,1,0.9,abs,2.7327147875180846,1.0,0.9,0.0,0.0,3.35047885555506,3.99541470663657,1.192490649511849
8,98,1,0.9,norm,3.258736831898075,0.9538690476190477,0.9,0.040790759086577165,0.12046945229220349,3.35047885555506,3.99541470663657,1.192490649511849
8,98,1,0.95,abs,2.641547757966135,1.0,0.95,0.0,0.0,3.35047885555506,3.99541470663657,1.192490649511849
8,98,1,0.95,norm,3.1500210016136045,0.9791666666666666,0.95,0.044531280028170896,0.09011445030789059,3.35047885555506,3.99541470663657,1.192490649511849
8,98,4,0.9,abs,2.645206880654054,1.0,0.9,0.0,0.0,3.35047885555506,3.99541470663657,1.192490649511849
8,98,4,0.9,norm,3.154384471204365,0.9551569506726457,0.9,0.05559634105392581,0.09137309774399027,3.35047885555506,3.99541470663657,1.192490649511849
8,98,4,0.95,abs,2.538929908731841,1.0,0.95,0.0,0.0,3.35047885555506,3.99541470663657,1.192490649511849
8,98,4,0.95,norm,3.0276501759286925,0.9715994020926756,0.95,0.033643571338354855,0.05333891828644746,3.35047885555506,3.99541470663657,1.192490649511849
8,98,24,0.9,abs,2.413968423198702,1.0,0.9,0.0,0.0,3.35047885555506,3.99541470663657,1.192490649511849
8,98,24,0.9,norm,2.878634772881314,0.963020030816641,0.9,0.004334062245049076,0.004334062245049076,3.35047885555506,3.99541470663657,1.192490649511849
8,98,24,0.95,abs,2.3370548325324254,1.0,0.95,0.0,0.0,3.35047885555506,3.99541470663657,1.192490649511849
8,98,24,0.95,norm,2.7869160351913975,1.0,0.95,0.0,0.0,3.35047885555506,3.99541470663657,1.192490649511849
8,105,1,0.9,abs,2.7327147875180846,1.0,0.9,0.0,0.0,3.346620991642646,4.145280111106022,1.2386464202124556
8,105,1,0.9,norm,3.384867389020917,0.9494047619047619,0.9,0.05458048274164852,0.15324346239043402,3.346620991642646,4.145280111106022,1.2386464202124556
8,105,1,0.95,abs,2.641547757966135,1.0,0.95,0.0,0.0,3.346620991642646,4.145280111106022,1.2386464202124556
8,105,1,0.95,norm,3.2719436742249908,0.9672619047619048,0.95,0.04437637041393114,0.12401958102968366,3.346620991642646,4.145280111106022,1.2386464202124556
8,105,4,0.9,abs,2.645206880654054,1.0,0.9,0.0,0.0,3.346620991642646,4.145280111106022,1.2386464202124556
8,105,4,0.9,norm,3.2764760334435006,0.9237668161434978,0.9,0.05653311066637686,0.12523132739578832,3.346620991642646,4.145280111106022,1.2386464202124556
8,105,4,0.95,abs,2.538929908731841,1.0,0.95,0.0,0.0,3.346620991642646,4.145280111106022,1.2386464202124556
8,105,4,0.95,norm,3.1448364426210316,0.9566517189835575,0.95,0.045451262462403094,0.08861441830465648,3.346620991642646,4.145280111106022,1.2386464202124556
8,105,24,0.9,abs,2.413968423198702,1.0,0.9,0.0,0.0,3.346620991642646,4.145280111106022,1.2386464202124556
8,105,24,0.9,norm,2.9900533459009786,0.9167950693374423,0.9,0.025905039701519552,0.04143563374076269,3.346620991642646,4.145280111106022,1.2386464202124556
8,105,24,0.95,abs,2.3370548325324254,1.0,0.95,0.0,0.0,3.346620991642646,4.145280111106022,1.2386464202124556
8,105,24,0.95,norm,2.8947846021565087,0.963020030816641,0.95,0.009888822657236639,0.009888822657236639,3.346620991642646,4.145280111106022,1.2386464202124556
8,112,1,0.9,abs,2.7392772940239327,0.9955357142857143,0.9,0.10667405756027182,0.21693335357355423,3.4505019313566794,4.051597869728802,1.1742053620980824
8,112,1,0.9,norm,3.2164740869164268,0.9464285714285714,0.9,0.07021152209813004,0.33310929101255826,3.4505019313566794,4.051597869728802,1.1742053620980824
8,112,1,0.95,abs,2.657417750478605,0.9955357142857143,0.95,0.07915589491078046,0.19281163683161762,3.4505019313566794,4.051597869728802,1.1742053620980824
8,112,1,0.95,norm,3.1203541719466017,0.9613095238095238,0.95,0.06497631447433445,0.3125662773962385,3.4505019313566794,4.051597869728802,1.1742053620980824
8,112,4,0.9,abs,2.661991628558596,0.9910313901345291,0.9,0.05560597814096382,0.1941985612385582,3.4505019313566794,4.051597869728802,1.1742053620980824
8,112,4,0.9,norm,3.12572484411371,0.9028400597907325,0.9,0.06462157986272381,0.313747437397469,3.4505019313566794,4.051597869728802,1.1742053620980824
8,112,4,0.95,abs,2.546124118851092,0.9985052316890882,0.95,0.15752862620407043,0.15752862620407043,3.4505019313566794,4.051597869728802,1.1742053620980824
8,112,4,0.95,norm,2.989672592922207,0.9417040358744395,0.95,0.050723053232805404,0.282517861875036,3.4505019313566794,4.051597869728802,1.1742053620980824
8,112,24,0.9,abs,2.476838267457391,0.9984591679506933,0.9,0.13396174774648223,0.13396174774648223,3.4505019313566794,4.051597869728802,1.1742053620980824
8,112,24,0.9,norm,2.908316774698193,0.8659476117103235,0.9,0.05000418466578585,0.2624473706149053,3.4505019313566794,4.051597869728802,1.1742053620980824
8,112,24,0.95,abs,2.364836708686606,0.9984591679506933,0.95,0.09294511693589587,0.09294511693589587,3.4505019313566794,4.051597869728802,1.1742053620980824
8,112,24,0.95,norm,2.7768039438261933,0.9599383667180277,0.95,0.07612070131056553,0.22751597604411464,3.4505019313566794,4.051597869728802,1.1742053620980824
8,119,1,0.9,abs,2.7512194581679337,0.9568452380952381,0.9,0.10868421239945376,0.29104871633374474,3.4747278928880636,4.011390552171414,1.1544473915156839
8,119,1,0.9,norm,3.1761381269691644,0.8898809523809523,0.9,0.12622500806013823,0.3858955471886276,3.4747278928880636,4.011390552171414,1.1544473915156839
8,119,1,0.95,abs,2.668768562937006,0.9642857142857143,0.95,0.10194637581620093,0.26914585490724874,3.4747278928880636,4.011390552171414,1.1544473915156839
8,119,1,0.95,norm,3.080952906041687,0.9047619047619048,0.95,0.11714360805900301,0.36692295338533654,3.4747278928880636,4.011390552171414,1.1544473915156839
8,119,4,0.9,abs,2.6690334921679395,0.9162929745889388,0.9,0.12156636435247614,0.2692183997543449,3.4747278928880636,4.011390552171414,1.1544473915156839
8,119,4,0.9,norm,3.0812587529012747,0.8161434977578476,0.9,0.1373118920451313,0.3669857928422312,3.4747278928880636,4.011390552171414,1.1544473915156839
8,119,4,0.95,abs,2.556110835452369,0.9372197309417041,0.95,0.11661777339552548,0.23693427551605029,3.4747278928880636,4.011390552171414,1.1544473915156839
8,119,4,0.95,norm,2.9508954864129633,0.8639760837070254,0.95,0.1416329401682771,0.33902079030027166,3.4747278928880636,4.011390552171414,1.1544473915156839
8,119,24,0.9,abs,2.514579166775045,0.7781201848998459,0.9,0.11669148712410908,0.22433121522388458,3.4747278928880636,4.011390552171414,1.1544473915156839
8,119,24,0.9,norm,2.9029493598431326,0.6810477657935285,0.9,0.18451513999502778,0.3281038265782444,3.4747278928880636,4.011390552171414,1.1544473915156839
8,119,24,0.95,abs,2.3936965769194174,0.8181818181818182,0.95,0.0983800895588555,0.18515964582866268,3.4747278928880636,4.011390552171414,1.1544473915156839
8,119,24,0.95,norm,2.763396769304643,0.7288135593220338,0.95,0.17223086923784656,0.29417281362511766,3.4747278928880636,4.011390552171414,1.1544473915156839
8,126,1,0.9,abs,2.784112541759733,0.9315476190476191,0.9,0.11161883483939268,0.31190246403807687,3.582680577286426,3.951672597878068,1.1029932790913561
8,126,1,0.9,norm,3.0708574217949383,0.8616071428571429,0.9,0.11943792918044559,0.3761543710141402,3.582680577286426,3.951672597878068,1.1029932790913561
8,126,1,0.95,abs,2.701685692429279,0.9419642857142857,0.95,0.10195617634724767,0.2909090109208895,3.582680577286426,3.951672597878068,1.1029932790913561
8,126,1,0.95,norm,2.9799411609667716,0.8839285714285714,0.95,0.11304815896824856,0.3571212059757441,3.582680577286426,3.951672597878068,1.1029932790913561
8,126,4,0.9,abs,2.6935992618123303,0.8565022421524664,0.9,0.1180403548482812,0.28878025510870015,3.582680577286426,3.951672597878068,1.1029932790913561
8,126,4,0.9,norm,2.9710218823444383,0.7742899850523169,0.9,0.14080967108939987,0.35519122521108976,3.582680577286426,3.951672597878068,1.1029932790913561
8,126,4,0.95,abs,2.6136881556273135,0.8863976083707026,0.95,0.11867738873229872,0.26703536697714403,3.582680577286426,3.951672597878068,1.1029932790913561
8,126,4,0.95,norm,2.8828804692976093,0.8086696562032885,0.95,0.1380149624009329,0.3354767912759442,3.582680577286426,3.951672597878068,1.1029932790913561
8,126,24,0.9,abs,2.538929908731841,0.6579352850539292,0.9,0.1388483666889553,0.24545338048247092,3.582680577286426,3.951672597878068,1.1029932790913561
8,126,24,0.9,norm,2.8004226254152504,0.5439137134052389,0.9,0.17870547479500515,0.3159100478480492,3.582680577286426,3.951672597878068,1.1029932790913561
8,126,24,0.95,abs,2.514579166775045,0.6579352850539292,0.95,0.1305091258786036,0.23814648385777307,3.582680577286426,3.951672597878068,1.1029932790913561
8,126,24,0.95,norm,2.773563920696017,0.5439137134052389,0.95,0.17075220320266762,0.3092854411861508,3.582680577286426,3.951672597878068,1.1029932790913561
8,133,1,0.9,abs,2.8349394057242607,0.9196428571428571,0.9,0.11171764240658494,0.32423917916646544,3.7235939712888544,3.8287099452607523,1.0282297089270218
8,133,1,0.9,norm,2.9149689199736013,0.8824404761904762,0.9,0.09764782657844834,0.3427919705425509,3.7235939712888544,3.8287099452607523,1.0282297089270218
8,133,1,0.95,abs,2.741258235234542,0.9300595238095238,0.95,0.09668300709989827,0.30114538090511256,3.7235939712888544,3.8287099452607523,1.0282297089270218
8,133,1,0.95,norm,2.8186431573090145,0.9226190476190477,0.95,0.11085882257137133,0.32033220492709147,3.7235939712888544,3.8287099452607523,1.0282297089270218
8,133,4,0.9,abs,2.740189363202967,0.8325859491778774,0.9,0.11562085804469373,0.3008727770600942,3.7235939712888544,3.8287099452607523,1.0282297089270218
8,133,4,0.9,norm,2.8175441113311077,0.8131539611360239,0.9,0.1264832793933711,0.3200670853310988,3.7235939712888544,3.8287099452607523,1.0282297089270218
8,133,4,0.95,abs,2.67857364064343,0.8639760837070254,0.95,0.11938102155559871,0.28479062484712125,3.7235939712888544,3.8287099452607523,1.0282297089270218
8,133,4,0.95,norm,2.7541889948583873,0.8266068759342302,0.95,0.11613335153848665,0.3044264633248013,3.7235939712888544,3.8287099452607523,1.0282297089270218
8,133,24,0.9,abs,2.6075537447342905,0.6194144838212635,0.9,0.14621856061031088,0.2653110281257988,3.7235939712888544,3.8287099452607523,1.0282297089270218
8,133,24,0.9,norm,2.681164227959705,0.5701078582434514,0.9,0.15177851828915068,0.2854816725332088,3.7235939712888544,3.8287099452607523,1.0282297089270218
8,133,24,0.95,abs,2.537264362002107,0.6579352850539292,0.95,0.1382830774316962,0.2449580703865306,3.7235939712888544,3.8287099452607523,1.0282297089270218
8,133,24,0.95,norm,2.608890596412332,0.6194144838212635,0.95,0.14665605659097727,0.2656874985635547,3.7235939712888544,3.8287099452607523,1.0282297089270218
8,140,1,0.9,abs,2.956442611596483,0.7767857142857143,0.9,0.09828951372732159,0.35201144364812936,3.816631767158105,3.687659151080669,0.9662077391936947
8,140,1,0.9,norm,2.85653773180654,0.8273809523809523,0.9,0.09073474507447686,0.32934861721080766,3.816631767158105,3.687659151080669,0.9662077391936947
8,140,1,0.95,abs,2.8081513541135745,0.8556547619047619,0.95,0.09168143829167451,0.31779283298984257,3.816631767158105,3.687659151080669,0.9662077391936947
8,140,1,0.95,norm,2.7132575711717895,0.8809523809523809,0.95,0.07638906743305249,0.2939332409203607,3.816631767158105,3.687659151080669,0.9662077391936947
8,140,4,0.9,abs,2.8536697791943246,0.6995515695067265,0.9,0.1154449465933902,0.32867460916713725,3.816631767158105,3.687659151080669,0.9662077391936947
8,140,4,0.9,norm,2.7572378257607184,0.7399103139013453,0.9,0.1011701553086025,0.30519559759158293,3.816631767158105,3.687659151080669,0.9662077391936947
8,140,4,0.95,abs,2.738886407232918,0.7533632286995515,0.95,0.10041151801931202,0.3005401849574982,3.816631767158105,3.687659151080669,0.9662077391936947
8,140,4,0.95,norm,2.6463332434408593,0.8056801195814649,0.95,0.091925934219239,0.27607719678771725,3.816631767158105,3.687659151080669,0.9662077391936947
8,140,24,0.9,abs,2.661991628558596,0.4915254237288136,0.9,0.13306219116230153,0.2803354603850176,3.816631767158105,3.687659151080669,0.9662077391936947
8,140,24,0.9,norm,2.5720369131821426,0.5562403697996918,0.9,0.12115286386533677,0.255165829849856,3.816631767158105,3.687659151080669,0.9662077391936947
8,140,24,0.95,abs,2.5808704902113977,0.551617873651772,0.95,0.12289682736437334,0.25771518288442213,3.816631767158105,3.687659151080669,0.9662077391936947
8,140,24,0.95,norm,2.4936570414988775,0.5993836671802774,0.95,0.10450577843230437,0.23175442815742892,3.816631767158105,3.687659151080669,0.9662077391936947
8,147,1,0.9,abs,3.059774368966489,0.7678571428571429,0.9,0.09446000565558108,0.37389468999550907,3.9077453034125944,3.6956710752819517,0.9457297721155367
8,147,1,0.9,norm,2.8937197166876376,0.8422619047619048,0.9,0.07684205382090041,0.33796595130558954,3.9077453034125944,3.6956710752819517,0.9457297721155367
8,147,1,0.95,abs,2.89639478609753,0.8422619047619048,0.95,0.07769466949131118,0.3385773966239109,3.9077453034125944,3.6956710752819517,0.9457297721155367
8,147,1,0.95,norm,2.739206781012646,0.90625,0.95,0.06549478499171606,0.30062199279554325,3.9077453034125944,3.6956710752819517,0.9457297721155367
8,147,4,0.9,abs,2.9145605959721297,0.7384155455904334,0.9,0.09575690430762608,0.34269989703659665,3.9077453034125944,3.6956710752819517,0.9457297721155367
8,147,4,0.9,norm,2.756386728245645,0.8161434977578476,0.9,0.07641110416208777,0.3049810608234683,3.9077453034125944,3.6956710752819517,0.9457297721155367
8,147,4,0.95,abs,2.7025662430675035,0.8460388639760837,0.95,0.0713788039373074,0.2911400470794275,3.9077453034125944,3.6956710752819517,0.9457297721155367
8,147,4,0.95,norm,2.555897357183372,0.9118086696562033,0.95,0.05678209558257682,0.25046247477765404,3.9077453034125944,3.6956710752819517,0.9457297721155367
8,147,24,0.9,abs,2.5106070324270964,0.7627118644067796,0.9,0.06927708874720814,0.2369411241656797,3.9077453034125944,3.6956710752819517,0.9457297721155367
8,147,24,0.9,norm,2.374355816648942,0.8875192604006163,0.9,0.05391565704853612,0.19315337389938922,3.9077453034125944,3.6956710752819517,0.9457297721155367
8,147,24,0.95,abs,2.1636814961197444,0.9614791987673343,0.95,0.01556446480483536,0.11459196593344785,3.9077453034125944,3.6956710752819517,0.9457297721155367
8,147,24,0.95,norm,2.046258008255929,0.9984591679506933,0.95,0.06378327068423428,0.06378327068423428,3.9077453034125944,3.6956710752819517,0.9457297721155367
8,154,1,0.9,abs,3.2024763575870914,0.7113095238095238,0.9,0.11145984714512014,0.4082849995758438,3.9735436522573186,3.6692653158041844,0.9234239351365178
8,154,1,0.9,norm,2.9572433203047344,0.8229166666666666,0.9,0.08848757317945356,0.3592163058490814,3.9735436522573186,3.6692653158041844,0.9234239351365178
8,154,1,0.95,abs,2.907603766774537,0.8422619047619048,0.95,0.08311540742835215,0.34827663901739075,3.9735436522573186,3.6692653158041844,0.9234239351365178
8,154,1,0.95,norm,2.684950912132705,0.9226190476190477,0.95,0.06418495478575327,0.29423167823101826,3.9735436522573186,3.6692653158041844,0.9234239351365178
8,154,4,0.9,abs,2.8955993556866186,0.7428998505231689,0.9,0.09492465702020149,0.3455747613817743,3.9735436522573186,3.6692653158041844,0.9234239351365178
8,154,4,0.9,norm,2.6738657516069027,0.8714499252615845,0.9,0.08317214279186369,0.2913057440714092,3.9735436522573186,3.6692653158041844,0.9234239351365178
8,154,4,0.95,abs,2.529849230922516,0.9267563527653214,0.95,0.07421951095075954,0.2509619640072398,3.9735436522573186,3.6692653158041844,0.9234239351365178
8,154,4,0.95,norm,2.336123332120563,0.9805680119581465,0.95,0.08918458021186004,0.18884706417965727,3.9735436522573186,3.6692653158041844,0.9234239351365178
8,154,24,0.9,abs,2.240926786252316,0.9337442218798151,0.9,0.10193330074623527,0.15438857221342767,3.9735436522573186,3.6692653158041844,0.9234239351365178
8,154,24,0.9,norm,2.069325431313944,0.963020030816641,0.9,0.08426520516651088,0.08426520516651088,3.9735436522573186,3.6692653158041844,0.9234239351365178
8,154,24,0.95,abs,2.1389326171161382,0.963020030816641,0.95,0.11406592048565445,0.11406592048565445,3.9735436522573186,3.6692653158041844,0.9234239351365178
8,154,24,0.95,norm,1.975141574289235,0.963020030816641,0.95,0.04059874798093661,0.04059874798093661,3.9735436522573186,3.6692653158041844,0.9234239351365178
12,84,1,0.9,abs,2.5625390857809944,0.9970238095238095,0.9,0.009760811959477884,0.0173168461777571,3.2668814617975888,3.5816656645874096,1.096356175291592
12,84,1,0.9,norm,2.809455551122064,0.9032738095238095,0.9,0.025519976298421097,0.10368256596823207,3.2668814617975888,3.5816656645874096,1.096356175291592
12,84,1,0.95,abs,2.321536411899061,1.0,0.95,0.0,0.0,3.2668814617975888,3.5816656645874096,1.096356175291592
12,84,1,0.95,norm,2.5452307813498205,0.9985119047619048,0.95,0.010634316911502793,0.010634316911502793,3.2668814617975888,3.5816656645874096,1.096356175291592
12,84,4,0.9,abs,2.3754824386089837,1.0,0.9,0.0,0.0,3.2668814617975888,3.5816656645874096,1.096356175291592
12,84,4,0.9,norm,2.604374840865689,0.9880418535127056,0.9,0.02566766357549171,0.03310232033611494,3.2668814617975888,3.5816656645874096,1.096356175291592
12,84,4,0.95,abs,2.12564972886946,1.0,0.95,0.0,0.0,3.2668814617975888,3.5816656645874096,1.096356175291592
12,84,4,0.95,norm,2.330469206752931,1.0,0.95,0.0,0.0,3.2668814617975888,3.5816656645874096,1.096356175291592
12,84,24,0.9,abs,1.9956328602824338,1.0,0.9,0.0,0.0,3.2668814617975888,3.5816656645874096,1.096356175291592
12,84,24,0.9,norm,2.1879244099854693,1.0,0.9,0.0,0.0,3.2668814617975888,3.5816656645874096,1.096356175291592
12,84,24,0.95,abs,1.8814907686938585,1.0,0.95,0.0,0.0,3.2668814617975888,3.5816656645874096,1.096356175291592
12,84,24,0.95,norm,2.062784023011636,1.0,0.95,0.0,0.0,3.2668814617975888,3.5816656645874096,1.096356175291592
12,91,1,0.9,abs,2.652083662963056,0.9985119047619048,0.9,0.0025929733684641764,0.0025929733684641764,3.3010786390233187,3.8041000546537753,1.1523809247329182
12,91,1,0.9,norm,3.0562106239944318,0.8928571428571429,0.9,0.04578895067533183,0.13448148505000634,3.3010786390233187,3.8041000546537753,1.1523809247329182
12,91,1,0.95,abs,2.4879954682931045,1.0,0.95,0.0,0.0,3.3010786390233187,3.8041000546537753,1.1523809247329182
12,91,1,0.95,norm,2.8671185184829175,0.9672619047619048,0.95,0.02657768833484817,0.0773988366362629,3.3010786390233187,3.8041000546537753,1.1523809247329182
12,91,4,0.9,abs,2.5142329838528363,1.0,0.9,0.0,0.0,3.3010786390233187,3.8041000546537753,1.1523809247329182
12,91,4,0.9,norm,2.897354130926336,0.9357249626307922,0.9,0.04080727474764753,0.08702672813822242,3.3010786390233187,3.8041000546537753,1.1523809247329182
12,91,4,0.95,abs,2.3198574507836445,1.0,0.95,0.0,0.0,3.3010786390233187,3.8041000546537753,1.1523809247329182
12,91,4,0.95,norm,2.6733594743826066,0.9940209267563528,0.95,0.010530792434883507,0.010530792434883507,3.3010786390233187,3.8041000546537753,1.1523809247329182
12,91,24,0.9,abs,2.2430623773731044,1.0,0.9,0.0,0.0,3.3010786390233187,3.8041000546537753,1.1523809247329182
12,91,24,0.9,norm,2.584862296670836,1.0,0.9,0.0,0.0,3.3010786390233187,3.8041000546537753,1.1523809247329182
12,91,24,0.95,abs,1.8964132477570923,1.0,0.95,0.0,0.0,3.3010786390233187,3.8041000546537753,1.1523809247329182
12,91,24,0.95,norm,2.185390452126075,1.0,0.95,0.0,0.0,3.3010786390233187,3.8041000546537753,1.1523809247329182
12,98,1,0.9,abs,2.7017376945166895,1.0,0.9,0.0,0.0,3.335795316311335,3.99541470663657,1.1977397675150616
12,98,1,0.9,norm,3.2359786781170983,0.9627976190476191,0.9,0.04345769274161102,0.11428384557138055,3.335795316311335,3.99541470663657,1.1977397675150616
12,98,1,0.95,abs,2.558465997007316,1.0,0.95,0.0,0.0,3.335795316311335,3.99541470663657,1.1977397675150616
12,98,1,0.95,norm,3.064376468450733,0.9851190476190477,0.95,0.03031287440428788,0.06468457119958994,3.335795316311335,3.99541470663657,1.1977397675150616
12,98,4,0.9,abs,2.568431200596498,1.0,0.9,0.0,0.0,3.335795316311335,3.99541470663657,1.1977397675150616
12,98,4,0.9,norm,3.07631218908088,0.9611360239162929,0.9,0.03843446290476314,0.06831348236759567,3.335795316311335,3.99541470663657,1.1977397675150616
12,98,4,0.95,abs,2.3936965769194174,1.0,0.95,0.0,0.0,3.335795316311335,3.99541470663657,1.1977397675150616
12,98,4,0.95,norm,2.867025581541062,0.9940209267563528,0.95,0.00030240084070412804,0.00030240084070412804,3.335795316311335,3.99541470663657,1.1977397675150616
12,98,24,0.9,abs,2.3370548325324254,1.0,0.9,0.0,0.0,3.335795316311335,3.99541470663657,1.1977397675150616
12,98,24,0.9,norm,2.799183511787339,1.0,0.9,0.0,0.0,3.335795316311335,3.99541470663657,1.1977397675150616
12,98,24,0.95,abs,1.9345728287852155,1.0,0.95,0.0,0.0,3.335795316311335,3.99541470663657,1.1977397675150616
12,98,24,0.95,norm,2.3171148101901595,1.0,0.95,0.0,0.0,3.335795316311335,3.99541470663657,1.1977397675150616
12,105,1,0.9,abs,2.766348391767782,1.0,0.9,0.0,0.0,3.399157022783909,4.145280111106022,1.219502389363301
12,105,1,0.9,norm,3.3735684735721354,0.9494047619047619,0.9,0.05141403887877379,0.15040746525591517,3.399157022783909,4.145280111106022,1.219502389363301
12,105,1,0.95,abs,2.6689121455440903,1.0,0.95,0.0,0.0,3.399157022783909,4.145280111106022,1.219502389363301
12,105,1,0.95,norm,3.2547447384917523,0.96875,0.95,0.04128165563180773,0.11939066781530135,3.399157022783909,4.145280111106022,1.219502389363301
12,105,4,0.9,abs,2.6745192531747017,1.0,0.9,0.0,0.0,3.399157022783909,4.145280111106022,1.219502389363301
12,105,4,0.9,norm,3.2615826196447,0.9237668161434978,0.9,0.05222494361162255,0.12123685804190727,3.399157022783909,4.145280111106022,1.219502389363301
12,105,4,0.95,abs,2.538929908731841,1.0,0.95,0.0,0.0,3.399157022783909,4.145280111106022,1.219502389363301
12,105,4,0.95,norm,3.096231090124428,0.9626307922272048,0.95,0.03647435315591369,0.07430727643791547,3.399157022783909,4.145280111106022,1.219502389363301
12,105,24,0.9,abs,2.413968423198702,1.0,0.9,0.0,0.0,3.399157022783909,4.145280111106022,1.219502389363301
12,105,24,0.9,norm,2.9438402599383773,0.9537750385208013,0.9,0.023626041534463977,0.026387868391038218,3.399157022783909,4.145280111106022,1.219502389363301
12,105,24,0.95,abs,2.3370548325324254,1.0,0.95,0.0,0.0,3.399157022783909,4.145280111106022,1.219502389363301
12,105,24,0.95,norm,2.850043952346342,1.0,0.95,0.0,0.0,3.399157022783909,4.145280111106022,1.219502389363301
12,112,1,0.9,abs,2.785308485382398,0.9955357142857143,0.9,0.12143754161158289,0.229874645655655,3.471719688700905,4.051597869728802,1.1670290901984899
12,112,1,0.9,norm,3.250536027617954,0.9375,0.9,0.06927176891261791,0.34009755128438063,3.471719688700905,4.051597869728802,1.1670290901984899
12,112,1,0.95,abs,2.6909015315124662,0.9955357142857143,0.95,0.09061426379572395,0.2028557495904444,3.471719688700905,4.051597869728802,1.1670290901984899
12,112,1,0.95,norm,3.1403603661347166,0.9598214285714286,0.95,0.06838508490038915,0.31694568961089375,3.471719688700905,4.051597869728802,1.1670290901984899
12,112,4,0.9,abs,2.688765858779122,0.9910313901345291,0.9,0.06501007812147451,0.20222258205948104,3.471719688700905,4.051597869728802,1.1670290901984899
12,112,4,0.9,norm,3.1378679739277606,0.9013452914798207,0.9,0.06722779787417936,0.31640314312573664,3.471719688700905,4.051597869728802,1.1670290901984899
12,112,4,0.95,abs,2.5801599312390926,0.9985052316890882,0.95,0.16864196738637807,0.16864196738637807,3.471719688700905,4.051597869728802,1.1670290901984899
12,112,4,0.95,norm,3.011121697120557,0.9357249626307922,0.95,0.052681668481249416,0.28762869786542916,3.471719688700905,4.051597869728802,1.1670290901984899
12,112,24,0.9,abs,2.5009334815596116,0.9984591679506933,0.9,0.1423055830634248,0.1423055830634248,3.471719688700905,4.051597869728802,1.1670290901984899
12,112,24,0.9,norm,2.9186621256314553,0.8258859784283513,0.9,0.04143265618627961,0.26506166458053126,3.471719688700905,4.051597869728802,1.1670290901984899
12,112,24,0.95,abs,2.3750549607830727,0.9984591679506933,0.95,0.09684755945344688,0.09684755945344688,3.471719688700905,4.051597869728802,1.1670290901984899
12,112,24,0.95,norm,2.7717582300540795,0.9599383667180277,0.95,0.07443886973859716,0.22610974470829714,3.471719688700905,4.051597869728802,1.1670290901984899
12,119,1,0.9,abs,2.7915593160654715,0.9568452380952381,0.9,0.12156430848292699,0.30129352606241,3.517522197679551,4.011390552171414,1.1404023419717606
12,119,1,0.9,norm,3.18350078179415,0.8869047619047619,0.9,0.12492114763502454,0.387315819845193,3.517522197679551,4.011390552171414,1.1404023419717606
12,119,1,0.95,abs,2.6938044657425624,0.9627976190476191,0.95,0.10604789287534462,0.27593832762539616,3.517522197679551,4.011390552171414,1.1404023419717606
12,119,1,0.95,norm,3.0720209215468053,0.90625,0.95,0.11641211831424719,0.36508226463065824,3.517522197679551,4.011390552171414,1.1404023419717606
12,119,4,0.9,abs,2.693653982860392,0.9103139013452914,0.9,0.12123004460072243,0.27589787740869376,3.517522197679551,4.011390552171414,1.1404023419717606
12,119,4,0.9,norm,3.0718493105155513,0.8176382660687593,0.9,0.13578233646354576,0.3650467945029553,3.517522197679551,4.011390552171414,1.1404023419717606
12,119,4,0.95,abs,2.5801599312390926,0.9327354260089686,0.95,0.11661283903328135,0.24404664110141433,3.517522197679551,4.011390552171414,1.1404023419717606
12,119,4,0.95,norm,2.942420428246758,0.8639760837070254,0.95,0.13916058418196306,0.3371169708477281,3.517522197679551,4.011390552171414,1.1404023419717606
12,119,24,0.9,abs,2.5009334815596116,0.8151001540832049,0.9,0.13501993130146675,0.22009898268090153,3.517522197679551,4.011390552171414,1.1404023419717606
12,119,24,0.9,norm,2.85207039948617,0.687211093990755,0.9,0.17361730098339792,0.3161176642529107,3.517522197679551,4.011390552171414,1.1404023419717606
12,119,24,0.95,abs,2.3750549607830727,0.8181818181818182,0.95,0.09130334710495128,0.17876402916055112,3.517522197679551,4.011390552171414,1.1404023419717606
12,119,24,0.95,norm,2.7085182395886642,0.7288135593220338,0.95,0.15545905940598825,0.2798717254302299,3.517522197679551,4.011390552171414,1.1404023419717606
12,126,1,0.9,abs,2.7961281016781583,0.9315476190476191,0.9,0.11543639853183628,0.3148593661800457,3.5654574725822306,3.951672597878068,1.1083213383600188
12,126,1,0.9,norm,3.0990084398779953,0.8586309523809523,0.9,0.12486136444645413,0.3818213093020877,3.5654574725822306,3.951672597878068,1.1083213383600188
12,126,1,0.95,abs,2.698345922029694,0.9419642857142857,0.95,0.10084465830381255,0.29003136173714156,3.5654574725822306,3.951672597878068,1.1083213383600188
12,126,1,0.95,norm,2.990634363662249,0.8809523809523809,0.95,0.11336989101235959,0.3594198598455229,3.5654574725822306,3.951672597878068,1.1083213383600188
12,126,4,0.9,abs,2.699212643172399,0.8565022421524664,0.9,0.11987451039173214,0.29025933370926327,3.5654574725822306,3.951672597878068,1.1083213383600188
12,126,4,0.9,norm,2.9915949691991175,0.772795216741405,0.9,0.14577335337645933,0.35962555106902594,3.5654574725822306,3.951672597878068,1.1083213383600188
12,126,4,0.95,abs,2.6075537447342905,0.8863976083707026,0.95,0.11660402973145523,0.2653110281257988,3.5654574725822306,3.951672597878068,1.1083213383600188
12,126,4,0.95,norm,2.8900074562095877,0.8086696562032885,0.95,0.14014068566441096,0.3371155580552846,3.5654574725822306,3.951672597878068,1.1083213383600188
12,126,24,0.9,abs,2.514579166775045,0.6579352850539292,0.9,0.1305091258786036,0.23814648385777307,3.5654574725822306,3.951672597878068,1.1083213383600188
12,126,24,0.9,norm,2.7869617475323385,0.5439137134052389,0.9,0.17473866566334867,0.3126059295496915,3.5654574725822306,3.951672597878068,1.1083213383600188
12,126,24,0.95,abs,2.3750549607830727,0.7072419106317411,0.95,0.10071267277239916,0.19339088507074986,3.5654574725822306,3.951672597878068,1.1083213383600188
12,126,24,0.95,norm,2.6323240928136973,0.6070878274268104,0.95,0.14972025955576318,0.2722245011335898,3.5654574725822306,3.951672597878068,1.1083213383600188
12,133,1,0.9,abs,2.7961281016781583,0.9270833333333334,0.9,0.11030775182559024,0.3148593661800457,3.6128406981304377,3.8287099452607523,1.0597505578482942
12,133,1,0.9,norm,2.9631983155687203,0.8630952380952381,0.9,0.09733630721054749,0.3534887726683001,3.6128406981304377,3.8287099452607523,1.0597505578482942
12,133,1,0.95,abs,2.698345922029694,0.9404761904761905,0.95,0.09838761589935806,0.29003136173714156,3.6128406981304377,3.8287099452607523,1.0597505578482942
12,133,1,0.95,norm,2.8595735961386386,0.9077380952380952,0.95,0.1046454286162544,0.33006061378786083,3.6128406981304377,3.8287099452607523,1.0597505578482942
12,133,4,0.9,abs,2.699212643172399,0.8505231689088192,0.9,0.11519485960098005,0.29025933370926327,3.6128406981304377,3.8287099452607523,1.0597505578482942
12,133,4,0.9,norm,2.860492104353119,0.7922272047832586,0.9,0.12619924080372572,0.33027573230837803,3.6128406981304377,3.8287099452607523,1.0597505578482942
12,133,4,0.95,abs,2.6075537447342905,0.8863976083707026,0.95,0.11660402973145523,0.2653110281257988,3.6128406981304377,3.8287099452607523,1.0597505578482942
12,133,4,0.95,norm,2.763356535601573,0.8266068759342302,0.95,0.11906561286883642,0.306734055072445,3.6128406981304377,3.8287099452607523,1.0597505578482942
12,133,24,0.9,abs,2.514579166775045,0.6579352850539292,0.9,0.1305091258786036,0.23814648385777307,3.6128406981304377,3.8287099452607523,1.0597505578482942
12,133,24,0.9,norm,2.6648266747435527,0.5731895223420647,0.9,0.14763939120286876,0.28110109449804316,3.6128406981304377,3.8287099452607523,1.0597505578482942
12,133,24,0.95,abs,2.3750549607830727,0.7072419106317411,0.95,0.10071267277239916,0.19339088507074986,3.6128406981304377,3.8287099452607523,1.0597505578482942
12,133,24,0.95,norm,2.51696581961022,0.6579352850539292,0.95,0.13133359987173956,0.23886889329222882,3.6128406981304377,3.8287099452607523,1.0597505578482942
12,140,1,0.9,abs,2.805400959982153,0.8586309523809523,0.9,0.09270926626505893,0.31712400218265185,3.650867244147386,3.687659151080669,1.0100775800577966
12,140,1,0.9,norm,2.833672612750593,0.8452380952380952,0.9,0.09337420929091354,0.32393708037923785,3.650867244147386,3.687659151080669,1.0100775800577966
12,140,1,0.95,abs,2.7013230464347093,0.8839285714285714,0.95,0.07422443769289676,0.29081381719449884,3.650867244147386,3.687659151080669,1.0100775800577966
12,140,1,0.95,norm,2.7285458456971265,0.8779761904761905,0.95,0.07960385744328059,0.29788939304551093,3.650867244147386,3.687659151080669,1.0100775800577966
12,140,4,0.9,abs,2.702566243067503,0.7653213751868461,0.9,0.09321986514765189,0.29114004707942737,3.650867244147386,3.687659151080669,1.0100775800577966
12,140,4,0.9,norm,2.7298015707435144,0.7593423019431988,0.9,0.09985148385284211,0.2982123681232369,3.650867244147386,3.687659151080669,1.0100775800577966
12,140,4,0.95,abs,2.608833071083856,0.8310911808669657,0.95,0.0913981084828793,0.26567130681548257,3.650867244147386,3.687659151080669,1.0100775800577966
12,140,4,0.95,norm,2.6351237952151307,0.8056801195814649,0.95,0.08806311409519801,0.2729977303896804,3.650867244147386,3.687659151080669,1.0100775800577966
12,140,24,0.9,abs,2.537264362002107,0.5608628659476117,0.9,0.11030581203515137,0.2449580703865306,3.650867244147386,3.687659151080669,1.0100775800577966
12,140,24,0.9,norm,2.5628338467379774,0.5577812018489985,0.9,0.11841085615357813,0.2524911506596692,3.650867244147386,3.687659151080669,1.0100775800577966
12,140,24,0.95,abs,2.413968423198702,0.6795069337442219,0.95,0.09499632945001212,0.20639352138374348,3.650867244147386,3.687659151080669,1.0100775800577966
12,140,24,0.95,norm,2.43829538324048,0.6178736517719569,0.95,0.08852306597035874,0.21431136153834204,3.650867244147386,3.687659151080669,1.0100775800577966
12,147,1,0.9,abs,2.7889442364583616,0.8958333333333334,0.9,0.07488256770595907,0.31309455571677913,3.653615445982514,3.6956710752819517,1.0115106885005323
12,147,1,0.9,norm,2.8210469048095885,0.8883928571428571,0.9,0.08004502938171427,0.3209113338174484,3.653615445982514,3.6956710752819517,1.0115106885005323
12,147,1,0.95,abs,2.6826024280242926,0.9211309523809523,0.95,0.05670848915614714,0.2858647409648095,3.653615445982514,3.6956710752819517,1.0115106885005323
12,147,1,0.95,norm,2.713481028944052,0.9136904761904762,0.95,0.062075164645914435,0.2939913861969886,3.653615445982514,3.6956710752819517,1.0115106885005323
12,147,4,0.9,abs,2.682569737028436,0.8624813153961136,0.9,0.07283171984758044,0.28585603819281,3.653615445982514,3.6956710752819517,1.0115106885005323
12,147,4,0.9,norm,2.7134479616523253,0.8400597907324364,0.9,0.07236814051933659,0.2939827824599264,3.653615445982514,3.6956710752819517,1.0115106885005323
12,147,4,0.95,abs,2.541697099206152,0.9147982062780269,0.95,0.05343618597927644,0.24627486869938103,3.653615445982514,3.6956710752819517,1.0115106885005323
12,147,4,0.95,norm,2.5709537827778206,0.9088191330343797,0.95,0.060350318816919366,0.254852034813449,3.653615445982514,3.6956710752819517,1.0115106885005323
12,147,24,0.9,abs,2.413968423198702,0.8428351309707242,0.9,0.05125032107955507,0.20639352138374348,3.653615445982514,3.6956710752819517,1.0115106885005323
12,147,24,0.9,norm,2.441754861768263,0.7812018489984591,0.9,0.047192937866066265,0.2154245252784207,3.653615445982514,3.6956710752819517,1.0115106885005323
12,147,24,0.95,abs,2.3177192131615363,0.9244992295839753,0.95,0.057107663596615434,0.17343698540068184,3.653615445982514,3.6956710752819517,1.0115106885005323
12,147,24,0.95,norm,2.3443977570559373,0.9244992295839753,0.95,0.06783749581417453,0.1828430247982661,3.653615445982514,3.6956710752819517,1.0115106885005323
12,154,1,0.9,abs,2.805400959982153,0.8913690476190477,0.9,0.0800579654939882,0.3245338807825705,3.70567791748364,3.6692653158041844,0.9901738352630005
12,154,1,0.9,norm,2.7778346279960315,0.9017857142857143,0.9,0.0789195527977668,0.3178307735853082,3.70567791748364,3.6692653158041844,0.9901738352630005
12,154,1,0.95,abs,2.696582540406178,0.9196428571428571,0.95,0.06574051340126223,0.29727598881413614,3.70567791748364,3.6692653158041844,0.9901738352630005
12,154,1,0.95,norm,2.67008547613723,0.9285714285714286,0.95,0.06402406008260425,0.29030238311718964,3.70567791748364,3.6692653158041844,0.9901738352630005
12,154,4,0.9,abs,2.682569737028436,0.8699551569506726,0.9,0.08518307268853106,0.2936052050646432,3.70567791748364,3.6692653158041844,0.9901738352630005
12,154,4,0.9,norm,2.6562103648739055,0.8759342301943199,0.9,0.0800343303132755,0.2865951716975728,3.70567791748364,3.6692653158041844,0.9901738352630005
12,154,4,0.95,abs,2.55229909062757,0.9147982062780269,0.95,0.0714094954932392,0.2575504547070708,3.70567791748364,3.6692653158041844,0.9901738352630005
12,154,4,0.95,norm,2.527219779304969,0.9267563527653214,0.95,0.07325628051692162,0.25018262566418253,3.70567791748364,3.6692653158041844,0.9901738352630005
12,154,24,0.9,abs,2.3649968006599504,0.9106317411402157,0.9,0.11473615867824392,0.19875016373839877,3.70567791748364,3.6692653158041844,0.9901738352630005
12,154,24,0.9,norm,2.341757952494189,0.9137134052388289,0.9,0.1099492966530474,0.19079881963475548,3.70567791748364,3.6692653158041844,0.9901738352630005
12,154,24,0.95,abs,2.14503668426343,0.963020030816641,0.95,0.11658699676798696,0.11658699676798698,3.70567791748364,3.6692653158041844,0.9901738352630005
12,154,24,0.95,norm,2.1239592004369503,0.963020030816641,0.95,0.10782029198199389,0.10782029198199389,3.70567791748364,3.6692653158041844,0.9901738352630005
