training_fraction,offline_fraction,hours,coverage,shift_envelope_mw,deferred_active_mwh,extra_energy_fraction,recovery_active_mwh,external_recovery_headroom_mw,recovery_time_lower_bound_h,net_active_energy_saved_mwh
0.25,0.25,1,0.95,1.541459316241541,1.541459316241541,0.0,1.541459316241541,0.5,3.082918632483082,0.0
0.25,0.25,1,0.95,1.541459316241541,1.541459316241541,0.0,1.541459316241541,1.0,1.541459316241541,0.0
0.25,0.25,1,0.95,1.541459316241541,1.541459316241541,0.0,1.541459316241541,2.0,0.7707296581207705,0.0
0.25,0.25,1,0.95,1.541459316241541,1.541459316241541,0.0,1.541459316241541,5.0,0.3082918632483082,0.0
0.25,0.25,1,0.95,1.541459316241541,1.541459316241541,0.05,1.6185322820536183,0.5,3.2370645641072366,-0.07707296581207707
0.25,0.25,1,0.95,1.541459316241541,1.541459316241541,0.05,1.6185322820536183,1.0,1.6185322820536183,-0.07707296581207707
0.25,0.25,1,0.95,1.541459316241541,1.541459316241541,0.05,1.6185322820536183,2.0,0.8092661410268092,-0.07707296581207707
0.25,0.25,1,0.95,1.541459316241541,1.541459316241541,0.05,1.6185322820536183,5.0,0.32370645641072365,-0.07707296581207707
0.25,0.25,1,0.95,1.541459316241541,1.541459316241541,0.1,1.6956052478656953,0.5,3.3912104957313907,-0.15414593162415413
0.25,0.25,1,0.95,1.541459316241541,1.541459316241541,0.1,1.6956052478656953,1.0,1.6956052478656953,-0.15414593162415413
0.25,0.25,1,0.95,1.541459316241541,1.541459316241541,0.1,1.6956052478656953,2.0,0.8478026239328477,-0.15414593162415413
0.25,0.25,1,0.95,1.541459316241541,1.541459316241541,0.1,1.6956052478656953,5.0,0.33912104957313904,-0.15414593162415413
0.25,0.25,1,0.95,1.541459316241541,1.541459316241541,0.25,1.9268241453019264,0.5,3.8536482906038527,-0.38536482906038527
0.25,0.25,1,0.95,1.541459316241541,1.541459316241541,0.25,1.9268241453019264,1.0,1.9268241453019264,-0.38536482906038527
0.25,0.25,1,0.95,1.541459316241541,1.541459316241541,0.25,1.9268241453019264,2.0,0.9634120726509632,-0.38536482906038527
0.25,0.25,1,0.95,1.541459316241541,1.541459316241541,0.25,1.9268241453019264,5.0,0.38536482906038527,-0.38536482906038527
0.25,0.25,4,0.95,1.5157064288676834,6.0628257154707335,0.0,6.0628257154707335,0.5,12.125651430941467,0.0
0.25,0.25,4,0.95,1.5157064288676834,6.0628257154707335,0.0,6.0628257154707335,1.0,6.0628257154707335,0.0
0.25,0.25,4,0.95,1.5157064288676834,6.0628257154707335,0.0,6.0628257154707335,2.0,3.0314128577353667,0.0
0.25,0.25,4,0.95,1.5157064288676834,6.0628257154707335,0.0,6.0628257154707335,5.0,1.2125651430941466,0.0
0.25,0.25,4,0.95,1.5157064288676834,6.0628257154707335,0.05,6.365967001244271,0.5,12.731934002488542,-0.3031412857735367
0.25,0.25,4,0.95,1.5157064288676834,6.0628257154707335,0.05,6.365967001244271,1.0,6.365967001244271,-0.3031412857735367
0.25,0.25,4,0.95,1.5157064288676834,6.0628257154707335,0.05,6.365967001244271,2.0,3.1829835006221354,-0.3031412857735367
0.25,0.25,4,0.95,1.5157064288676834,6.0628257154707335,0.05,6.365967001244271,5.0,1.273193400248854,-0.3031412857735367
0.25,0.25,4,0.95,1.5157064288676834,6.0628257154707335,0.1,6.669108287017807,0.5,13.338216574035615,-0.6062825715470734
0.25,0.25,4,0.95,1.5157064288676834,6.0628257154707335,0.1,6.669108287017807,1.0,6.669108287017807,-0.6062825715470734
0.25,0.25,4,0.95,1.5157064288676834,6.0628257154707335,0.1,6.669108287017807,2.0,3.3345541435089037,-0.6062825715470734
0.25,0.25,4,0.95,1.5157064288676834,6.0628257154707335,0.1,6.669108287017807,5.0,1.3338216574035615,-0.6062825715470734
0.25,0.25,4,0.95,1.5157064288676834,6.0628257154707335,0.25,7.578532144338417,0.5,15.157064288676834,-1.5157064288676834
0.25,0.25,4,0.95,1.5157064288676834,6.0628257154707335,0.25,7.578532144338417,1.0,7.578532144338417,-1.5157064288676834
0.25,0.25,4,0.95,1.5157064288676834,6.0628257154707335,0.25,7.578532144338417,2.0,3.7892660721692084,-1.5157064288676834
0.25,0.25,4,0.95,1.5157064288676834,6.0628257154707335,0.25,7.578532144338417,5.0,1.5157064288676834,-1.5157064288676834
0.25,0.25,24,0.95,1.4515332578068791,34.8367981873651,0.0,34.8367981873651,0.5,69.6735963747302,0.0
0.25,0.25,24,0.95,1.4515332578068791,34.8367981873651,0.0,34.8367981873651,1.0,34.8367981873651,0.0
0.25,0.25,24,0.95,1.4515332578068791,34.8367981873651,0.0,34.8367981873651,2.0,17.41839909368255,0.0
0.25,0.25,24,0.95,1.4515332578068791,34.8367981873651,0.0,34.8367981873651,5.0,6.967359637473019,0.0
0.25,0.25,24,0.95,1.4515332578068791,34.8367981873651,0.05,36.57863809673336,0.5,73.15727619346671,-1.741839909368255
0.25,0.25,24,0.95,1.4515332578068791,34.8367981873651,0.05,36.57863809673336,1.0,36.57863809673336,-1.741839909368255
0.25,0.25,24,0.95,1.4515332578068791,34.8367981873651,0.05,36.57863809673336,2.0,18.28931904836668,-1.741839909368255
0.25,0.25,24,0.95,1.4515332578068791,34.8367981873651,0.05,36.57863809673336,5.0,7.315727619346672,-1.741839909368255
0.25,0.25,24,0.95,1.4515332578068791,34.8367981873651,0.1,38.32047800610161,0.5,76.64095601220322,-3.48367981873651
0.25,0.25,24,0.95,1.4515332578068791,34.8367981873651,0.1,38.32047800610161,1.0,38.32047800610161,-3.48367981873651
0.25,0.25,24,0.95,1.4515332578068791,34.8367981873651,0.1,38.32047800610161,2.0,19.160239003050805,-3.48367981873651
0.25,0.25,24,0.95,1.4515332578068791,34.8367981873651,0.1,38.32047800610161,5.0,7.664095601220322,-3.48367981873651
0.25,0.25,24,0.95,1.4515332578068791,34.8367981873651,0.25,43.545997734206374,0.5,87.09199546841275,-8.709199546841274
0.25,0.25,24,0.95,1.4515332578068791,34.8367981873651,0.25,43.545997734206374,1.0,43.545997734206374,-8.709199546841274
0.25,0.25,24,0.95,1.4515332578068791,34.8367981873651,0.25,43.545997734206374,2.0,21.772998867103187,-8.709199546841274
0.25,0.25,24,0.95,1.4515332578068791,34.8367981873651,0.25,43.545997734206374,5.0,8.709199546841274,-8.709199546841274
0.5,0.5,1,0.95,3.082918632483082,3.082918632483082,0.0,3.082918632483082,0.5,6.165837264966164,0.0
0.5,0.5,1,0.95,3.082918632483082,3.082918632483082,0.0,3.082918632483082,1.0,3.082918632483082,0.0
0.5,0.5,1,0.95,3.082918632483082,3.082918632483082,0.0,3.082918632483082,2.0,1.541459316241541,0.0
0.5,0.5,1,0.95,3.082918632483082,3.082918632483082,0.0,3.082918632483082,5.0,0.6165837264966164,0.0
0.5,0.5,1,0.95,3.082918632483082,3.082918632483082,0.05,3.2370645641072366,0.5,6.474129128214473,-0.15414593162415413
0.5,0.5,1,0.95,3.082918632483082,3.082918632483082,0.05,3.2370645641072366,1.0,3.2370645641072366,-0.15414593162415413
0.5,0.5,1,0.95,3.082918632483082,3.082918632483082,0.05,3.2370645641072366,2.0,1.6185322820536183,-0.15414593162415413
0.5,0.5,1,0.95,3.082918632483082,3.082918632483082,0.05,3.2370645641072366,5.0,0.6474129128214473,-0.15414593162415413
0.5,0.5,1,0.95,3.082918632483082,3.082918632483082,0.1,3.3912104957313907,0.5,6.782420991462781,-0.30829186324830826
0.5,0.5,1,0.95,3.082918632483082,3.082918632483082,0.1,3.3912104957313907,1.0,3.3912104957313907,-0.30829186324830826
0.5,0.5,1,0.95,3.082918632483082,3.082918632483082,0.1,3.3912104957313907,2.0,1.6956052478656953,-0.30829186324830826
0.5,0.5,1,0.95,3.082918632483082,3.082918632483082,0.1,3.3912104957313907,5.0,0.6782420991462781,-0.30829186324830826
0.5,0.5,1,0.95,3.082918632483082,3.082918632483082,0.25,3.8536482906038527,0.5,7.707296581207705,-0.7707296581207705
0.5,0.5,1,0.95,3.082918632483082,3.082918632483082,0.25,3.8536482906038527,1.0,3.8536482906038527,-0.7707296581207705
0.5,0.5,1,0.95,3.082918632483082,3.082918632483082,0.25,3.8536482906038527,2.0,1.9268241453019264,-0.7707296581207705
0.5,0.5,1,0.95,3.082918632483082,3.082918632483082,0.25,3.8536482906038527,5.0,0.7707296581207705,-0.7707296581207705
0.5,0.5,4,0.95,3.0314128577353667,12.125651430941467,0.0,12.125651430941467,0.5,24.251302861882934,0.0
0.5,0.5,4,0.95,3.0314128577353667,12.125651430941467,0.0,12.125651430941467,1.0,12.125651430941467,0.0
0.5,0.5,4,0.95,3.0314128577353667,12.125651430941467,0.0,12.125651430941467,2.0,6.0628257154707335,0.0
0.5,0.5,4,0.95,3.0314128577353667,12.125651430941467,0.0,12.125651430941467,5.0,2.4251302861882933,0.0
0.5,0.5,4,0.95,3.0314128577353667,12.125651430941467,0.05,12.731934002488542,0.5,25.463868004977083,-0.6062825715470734
0.5,0.5,4,0.95,3.0314128577353667,12.125651430941467,0.05,12.731934002488542,1.0,12.731934002488542,-0.6062825715470734
0.5,0.5,4,0.95,3.0314128577353667,12.125651430941467,0.05,12.731934002488542,2.0,6.365967001244271,-0.6062825715470734
0.5,0.5,4,0.95,3.0314128577353667,12.125651430941467,0.05,12.731934002488542,5.0,2.546386800497708,-0.6062825715470734
0.5,0.5,4,0.95,3.0314128577353667,12.125651430941467,0.1,13.338216574035615,0.5,26.67643314807123,-1.2125651430941469
0.5,0.5,4,0.95,3.0314128577353667,12.125651430941467,0.1,13.338216574035615,1.0,13.338216574035615,-1.2125651430941469
0.5,0.5,4,0.95,3.0314128577353667,12.125651430941467,0.1,13.338216574035615,2.0,6.669108287017807,-1.2125651430941469
0.5,0.5,4,0.95,3.0314128577353667,12.125651430941467,0.1,13.338216574035615,5.0,2.667643314807123,-1.2125651430941469
0.5,0.5,4,0.95,3.0314128577353667,12.125651430941467,0.25,15.157064288676834,0.5,30.314128577353667,-3.0314128577353667
0.5,0.5,4,0.95,3.0314128577353667,12.125651430941467,0.25,15.157064288676834,1.0,15.157064288676834,-3.0314128577353667
0.5,0.5,4,0.95,3.0314128577353667,12.125651430941467,0.25,15.157064288676834,2.0,7.578532144338417,-3.0314128577353667
0.5,0.5,4,0.95,3.0314128577353667,12.125651430941467,0.25,15.157064288676834,5.0,3.0314128577353667,-3.0314128577353667
0.5,0.5,24,0.95,2.9030665156137583,69.6735963747302,0.0,69.6735963747302,0.5,139.3471927494604,0.0
0.5,0.5,24,0.95,2.9030665156137583,69.6735963747302,0.0,69.6735963747302,1.0,69.6735963747302,0.0
0.5,0.5,24,0.95,2.9030665156137583,69.6735963747302,0.0,69.6735963747302,2.0,34.8367981873651,0.0
0.5,0.5,24,0.95,2.9030665156137583,69.6735963747302,0.0,69.6735963747302,5.0,13.934719274946039,0.0
0.5,0.5,24,0.95,2.9030665156137583,69.6735963747302,0.05,73.15727619346671,0.5,146.31455238693343,-3.48367981873651
0.5,0.5,24,0.95,2.9030665156137583,69.6735963747302,0.05,73.15727619346671,1.0,73.15727619346671,-3.48367981873651
0.5,0.5,24,0.95,2.9030665156137583,69.6735963747302,0.05,73.15727619346671,2.0,36.57863809673336,-3.48367981873651
0.5,0.5,24,0.95,2.9030665156137583,69.6735963747302,0.05,73.15727619346671,5.0,14.631455238693343,-3.48367981873651
0.5,0.5,24,0.95,2.9030665156137583,69.6735963747302,0.1,76.64095601220322,0.5,153.28191202440644,-6.96735963747302
0.5,0.5,24,0.95,2.9030665156137583,69.6735963747302,0.1,76.64095601220322,1.0,76.64095601220322,-6.96735963747302
0.5,0.5,24,0.95,2.9030665156137583,69.6735963747302,0.1,76.64095601220322,2.0,38.32047800610161,-6.96735963747302
0.5,0.5,24,0.95,2.9030665156137583,69.6735963747302,0.1,76.64095601220322,5.0,15.328191202440644,-6.96735963747302
0.5,0.5,24,0.95,2.9030665156137583,69.6735963747302,0.25,87.09199546841275,0.5,174.1839909368255,-17.41839909368255
0.5,0.5,24,0.95,2.9030665156137583,69.6735963747302,0.25,87.09199546841275,1.0,87.09199546841275,-17.41839909368255
0.5,0.5,24,0.95,2.9030665156137583,69.6735963747302,0.25,87.09199546841275,2.0,43.545997734206374,-17.41839909368255
0.5,0.5,24,0.95,2.9030665156137583,69.6735963747302,0.25,87.09199546841275,5.0,17.41839909368255,-17.41839909368255
0.75,0.75,1,0.95,4.624377948724623,4.624377948724623,0.0,4.624377948724623,0.5,9.248755897449247,0.0
0.75,0.75,1,0.95,4.624377948724623,4.624377948724623,0.0,4.624377948724623,1.0,4.624377948724623,0.0
0.75,0.75,1,0.95,4.624377948724623,4.624377948724623,0.0,4.624377948724623,2.0,2.3121889743623116,0.0
0.75,0.75,1,0.95,4.624377948724623,4.624377948724623,0.0,4.624377948724623,5.0,0.9248755897449247,0.0
0.75,0.75,1,0.95,4.624377948724623,4.624377948724623,0.05,4.8555968461608545,0.5,9.711193692321709,-0.23121889743623117
0.75,0.75,1,0.95,4.624377948724623,4.624377948724623,0.05,4.8555968461608545,1.0,4.8555968461608545,-0.23121889743623117
0.75,0.75,1,0.95,4.624377948724623,4.624377948724623,0.05,4.8555968461608545,2.0,2.4277984230804273,-0.23121889743623117
0.75,0.75,1,0.95,4.624377948724623,4.624377948724623,0.05,4.8555968461608545,5.0,0.9711193692321709,-0.23121889743623117
0.75,0.75,1,0.95,4.624377948724623,4.624377948724623,0.1,5.086815743597086,0.5,10.173631487194172,-0.46243779487246234
0.75,0.75,1,0.95,4.624377948724623,4.624377948724623,0.1,5.086815743597086,1.0,5.086815743597086,-0.46243779487246234
0.75,0.75,1,0.95,4.624377948724623,4.624377948724623,0.1,5.086815743597086,2.0,2.543407871798543,-0.46243779487246234
0.75,0.75,1,0.95,4.624377948724623,4.624377948724623,0.1,5.086815743597086,5.0,1.0173631487194172,-0.46243779487246234
0.75,0.75,1,0.95,4.624377948724623,4.624377948724623,0.25,5.780472435905779,0.5,11.560944871811557,-1.1560944871811558
0.75,0.75,1,0.95,4.624377948724623,4.624377948724623,0.25,5.780472435905779,1.0,5.780472435905779,-1.1560944871811558
0.75,0.75,1,0.95,4.624377948724623,4.624377948724623,0.25,5.780472435905779,2.0,2.8902362179528893,-1.1560944871811558
0.75,0.75,1,0.95,4.624377948724623,4.624377948724623,0.25,5.780472435905779,5.0,1.1560944871811558,-1.1560944871811558
0.75,0.75,4,0.95,4.547119286603049,18.188477146412197,0.0,18.188477146412197,0.5,36.376954292824394,0.0
0.75,0.75,4,0.95,4.547119286603049,18.188477146412197,0.0,18.188477146412197,1.0,18.188477146412197,0.0
0.75,0.75,4,0.95,4.547119286603049,18.188477146412197,0.0,18.188477146412197,2.0,9.094238573206098,0.0
0.75,0.75,4,0.95,4.547119286603049,18.188477146412197,0.0,18.188477146412197,5.0,3.6376954292824393,0.0
0.75,0.75,4,0.95,4.547119286603049,18.188477146412197,0.05,19.097901003732808,0.5,38.195802007465616,-0.9094238573206099
0.75,0.75,4,0.95,4.547119286603049,18.188477146412197,0.05,19.097901003732808,1.0,19.097901003732808,-0.9094238573206099
0.75,0.75,4,0.95,4.547119286603049,18.188477146412197,0.05,19.097901003732808,2.0,9.548950501866404,-0.9094238573206099
0.75,0.75,4,0.95,4.547119286603049,18.188477146412197,0.05,19.097901003732808,5.0,3.819580200746562,-0.9094238573206099
0.75,0.75,4,0.95,4.547119286603049,18.188477146412197,0.1,20.00732486105342,0.5,40.01464972210684,-1.8188477146412199
0.75,0.75,4,0.95,4.547119286603049,18.188477146412197,0.1,20.00732486105342,1.0,20.00732486105342,-1.8188477146412199
0.75,0.75,4,0.95,4.547119286603049,18.188477146412197,0.1,20.00732486105342,2.0,10.00366243052671,-1.8188477146412199
0.75,0.75,4,0.95,4.547119286603049,18.188477146412197,0.1,20.00732486105342,5.0,4.001464972210684,-1.8188477146412199
0.75,0.75,4,0.95,4.547119286603049,18.188477146412197,0.25,22.735596433015246,0.5,45.47119286603049,-4.547119286603049
0.75,0.75,4,0.95,4.547119286603049,18.188477146412197,0.25,22.735596433015246,1.0,22.735596433015246,-4.547119286603049
0.75,0.75,4,0.95,4.547119286603049,18.188477146412197,0.25,22.735596433015246,2.0,11.367798216507623,-4.547119286603049
0.75,0.75,4,0.95,4.547119286603049,18.188477146412197,0.25,22.735596433015246,5.0,4.547119286603049,-4.547119286603049
0.75,0.75,24,0.95,4.354599773420638,104.51039456209531,0.0,104.51039456209531,0.5,209.02078912419063,0.0
0.75,0.75,24,0.95,4.354599773420638,104.51039456209531,0.0,104.51039456209531,1.0,104.51039456209531,0.0
0.75,0.75,24,0.95,4.354599773420638,104.51039456209531,0.0,104.51039456209531,2.0,52.25519728104766,0.0
0.75,0.75,24,0.95,4.354599773420638,104.51039456209531,0.0,104.51039456209531,5.0,20.902078912419064,0.0
0.75,0.75,24,0.95,4.354599773420638,104.51039456209531,0.05,109.73591429020009,0.5,219.47182858040017,-5.225519728104766
0.75,0.75,24,0.95,4.354599773420638,104.51039456209531,0.05,109.73591429020009,1.0,109.73591429020009,-5.225519728104766
0.75,0.75,24,0.95,4.354599773420638,104.51039456209531,0.05,109.73591429020009,2.0,54.86795714510004,-5.225519728104766
0.75,0.75,24,0.95,4.354599773420638,104.51039456209531,0.05,109.73591429020009,5.0,21.947182858040016,-5.225519728104766
0.75,0.75,24,0.95,4.354599773420638,104.51039456209531,0.1,114.96143401830486,0.5,229.9228680366097,-10.451039456209532
0.75,0.75,24,0.95,4.354599773420638,104.51039456209531,0.1,114.96143401830486,1.0,114.96143401830486,-10.451039456209532
0.75,0.75,24,0.95,4.354599773420638,104.51039456209531,0.1,114.96143401830486,2.0,57.48071700915243,-10.451039456209532
0.75,0.75,24,0.95,4.354599773420638,104.51039456209531,0.1,114.96143401830486,5.0,22.99228680366097,-10.451039456209532
0.75,0.75,24,0.95,4.354599773420638,104.51039456209531,0.25,130.63799320261916,0.5,261.2759864052383,-26.12759864052383
0.75,0.75,24,0.95,4.354599773420638,104.51039456209531,0.25,130.63799320261916,1.0,130.63799320261916,-26.12759864052383
0.75,0.75,24,0.95,4.354599773420638,104.51039456209531,0.25,130.63799320261916,2.0,65.31899660130958,-26.12759864052383
0.75,0.75,24,0.95,4.354599773420638,104.51039456209531,0.25,130.63799320261916,5.0,26.127598640523832,-26.12759864052383
1.0,1.0,1,0.95,6.165837264966164,6.165837264966164,0.0,6.165837264966164,0.5,12.331674529932329,0.0
1.0,1.0,1,0.95,6.165837264966164,6.165837264966164,0.0,6.165837264966164,1.0,6.165837264966164,0.0
1.0,1.0,1,0.95,6.165837264966164,6.165837264966164,0.0,6.165837264966164,2.0,3.082918632483082,0.0
1.0,1.0,1,0.95,6.165837264966164,6.165837264966164,0.0,6.165837264966164,5.0,1.2331674529932328,0.0
1.0,1.0,1,0.95,6.165837264966164,6.165837264966164,0.05,6.474129128214473,0.5,12.948258256428947,-0.30829186324830826
1.0,1.0,1,0.95,6.165837264966164,6.165837264966164,0.05,6.474129128214473,1.0,6.474129128214473,-0.30829186324830826
1.0,1.0,1,0.95,6.165837264966164,6.165837264966164,0.05,6.474129128214473,2.0,3.2370645641072366,-0.30829186324830826
1.0,1.0,1,0.95,6.165837264966164,6.165837264966164,0.05,6.474129128214473,5.0,1.2948258256428946,-0.30829186324830826
1.0,1.0,1,0.95,6.165837264966164,6.165837264966164,0.1,6.782420991462781,0.5,13.564841982925563,-0.6165837264966165
1.0,1.0,1,0.95,6.165837264966164,6.165837264966164,0.1,6.782420991462781,1.0,6.782420991462781,-0.6165837264966165
1.0,1.0,1,0.95,6.165837264966164,6.165837264966164,0.1,6.782420991462781,2.0,3.3912104957313907,-0.6165837264966165
1.0,1.0,1,0.95,6.165837264966164,6.165837264966164,0.1,6.782420991462781,5.0,1.3564841982925562,-0.6165837264966165
1.0,1.0,1,0.95,6.165837264966164,6.165837264966164,0.25,7.707296581207705,0.5,15.41459316241541,-1.541459316241541
1.0,1.0,1,0.95,6.165837264966164,6.165837264966164,0.25,7.707296581207705,1.0,7.707296581207705,-1.541459316241541
1.0,1.0,1,0.95,6.165837264966164,6.165837264966164,0.25,7.707296581207705,2.0,3.8536482906038527,-1.541459316241541
1.0,1.0,1,0.95,6.165837264966164,6.165837264966164,0.25,7.707296581207705,5.0,1.541459316241541,-1.541459316241541
1.0,1.0,4,0.95,6.0628257154707335,24.251302861882934,0.0,24.251302861882934,0.5,48.50260572376587,0.0
1.0,1.0,4,0.95,6.0628257154707335,24.251302861882934,0.0,24.251302861882934,1.0,24.251302861882934,0.0
1.0,1.0,4,0.95,6.0628257154707335,24.251302861882934,0.0,24.251302861882934,2.0,12.125651430941467,0.0
1.0,1.0,4,0.95,6.0628257154707335,24.251302861882934,0.0,24.251302861882934,5.0,4.850260572376587,0.0
1.0,1.0,4,0.95,6.0628257154707335,24.251302861882934,0.05,25.463868004977083,0.5,50.92773600995417,-1.2125651430941469
1.0,1.0,4,0.95,6.0628257154707335,24.251302861882934,0.05,25.463868004977083,1.0,25.463868004977083,-1.2125651430941469
1.0,1.0,4,0.95,6.0628257154707335,24.251302861882934,0.05,25.463868004977083,2.0,12.731934002488542,-1.2125651430941469
1.0,1.0,4,0.95,6.0628257154707335,24.251302861882934,0.05,25.463868004977083,5.0,5.092773600995416,-1.2125651430941469
1.0,1.0,4,0.95,6.0628257154707335,24.251302861882934,0.1,26.67643314807123,0.5,53.35286629614246,-2.4251302861882937
1.0,1.0,4,0.95,6.0628257154707335,24.251302861882934,0.1,26.67643314807123,1.0,26.67643314807123,-2.4251302861882937
1.0,1.0,4,0.95,6.0628257154707335,24.251302861882934,0.1,26.67643314807123,2.0,13.338216574035615,-2.4251302861882937
1.0,1.0,4,0.95,6.0628257154707335,24.251302861882934,0.1,26.67643314807123,5.0,5.335286629614246,-2.4251302861882937
1.0,1.0,4,0.95,6.0628257154707335,24.251302861882934,0.25,30.314128577353667,0.5,60.628257154707335,-6.0628257154707335
1.0,1.0,4,0.95,6.0628257154707335,24.251302861882934,0.25,30.314128577353667,1.0,30.314128577353667,-6.0628257154707335
1.0,1.0,4,0.95,6.0628257154707335,24.251302861882934,0.25,30.314128577353667,2.0,15.157064288676834,-6.0628257154707335
1.0,1.0,4,0.95,6.0628257154707335,24.251302861882934,0.25,30.314128577353667,5.0,6.0628257154707335,-6.0628257154707335
1.0,1.0,24,0.95,5.806133031227517,139.3471927494604,0.0,139.3471927494604,0.5,278.6943854989208,0.0
1.0,1.0,24,0.95,5.806133031227517,139.3471927494604,0.0,139.3471927494604,1.0,139.3471927494604,0.0
1.0,1.0,24,0.95,5.806133031227517,139.3471927494604,0.0,139.3471927494604,2.0,69.6735963747302,0.0
1.0,1.0,24,0.95,5.806133031227517,139.3471927494604,0.0,139.3471927494604,5.0,27.869438549892077,0.0
1.0,1.0,24,0.95,5.806133031227517,139.3471927494604,0.05,146.31455238693343,0.5,292.62910477386686,-6.96735963747302
1.0,1.0,24,0.95,5.806133031227517,139.3471927494604,0.05,146.31455238693343,1.0,146.31455238693343,-6.96735963747302
1.0,1.0,24,0.95,5.806133031227517,139.3471927494604,0.05,146.31455238693343,2.0,73.15727619346671,-6.96735963747302
1.0,1.0,24,0.95,5.806133031227517,139.3471927494604,0.05,146.31455238693343,5.0,29.262910477386686,-6.96735963747302
1.0,1.0,24,0.95,5.806133031227517,139.3471927494604,0.1,153.28191202440644,0.5,306.5638240488129,-13.93471927494604
1.0,1.0,24,0.95,5.806133031227517,139.3471927494604,0.1,153.28191202440644,1.0,153.28191202440644,-13.93471927494604
1.0,1.0,24,0.95,5.806133031227517,139.3471927494604,0.1,153.28191202440644,2.0,76.64095601220322,-13.93471927494604
1.0,1.0,24,0.95,5.806133031227517,139.3471927494604,0.1,153.28191202440644,5.0,30.65638240488129,-13.93471927494604
1.0,1.0,24,0.95,5.806133031227517,139.3471927494604,0.25,174.1839909368255,0.5,348.367981873651,-34.8367981873651
1.0,1.0,24,0.95,5.806133031227517,139.3471927494604,0.25,174.1839909368255,1.0,174.1839909368255,-34.8367981873651
1.0,1.0,24,0.95,5.806133031227517,139.3471927494604,0.25,174.1839909368255,2.0,87.09199546841275,-34.8367981873651
1.0,1.0,24,0.95,5.806133031227517,139.3471927494604,0.25,174.1839909368255,5.0,34.8367981873651,-34.8367981873651
